Time (s),Flame height (m)
19,0.572727273
19.03508772,0.7
19.07017544,0.795454545
19.10526316,0.75
19.14035088,0.768181818
19.1754386,0.856818182
19.21052632,0.936363636
19.24561404,1.061363636
19.28070175,0.629545455
19.31578947,0.825
19.35087719,0.822727273
19.38596491,0.720454545
19.42105263,0.743181818
19.45614035,0.643181818
19.49122807,0.625
19.52631579,0.743181818
19.56140351,0.825
19.59649123,0.852272727
19.63157895,0.784090909
19.66666667,0.561363636
19.70175439,0.613636364
19.73684211,0.538636364
19.77192982,0.611363636
19.80701754,0.618181818
19.84210526,0.645454545
19.87719298,0.559090909
19.9122807,0.643181818
19.94736842,0.681818182
19.98245614,0.795454545
20.01754386,0.872727273
20.05263158,0.979545455
20.0877193,0.893181818
20.12280702,0.772727273
20.15789474,0.940909091
20.19298246,1.063636364
20.22807018,0.938636364
20.26315789,0.809090909
20.29824561,0.888636364
20.33333333,1.1
20.36842105,1.115909091
20.40350877,1.090909091
20.43859649,1.225
20.47368421,0.763636364
20.50877193,0.584090909
20.54385965,0.55
20.57894737,0.452272727
20.61403509,0.597727273
20.64912281,0.586363636
20.68421053,0.638636364
20.71929825,0.704545455
20.75438596,0.759090909
20.78947368,0.820454545
20.8245614,0.922727273
20.85964912,0.918181818
20.89473684,1.059090909
20.92982456,1.125
20.96491228,0.787418831
39,0.670454545
39.03508772,0.677272727
39.07017544,0.811363636
39.10526316,0.822727273
39.14035088,1.029545455
39.1754386,1.197727273
39.21052632,1.311363636
39.24561404,1.302272727
39.28070175,1.509090909
39.31578947,0.845454545
39.35087719,0.834090909
39.38596491,0.811363636
39.42105263,0.797727273
39.45614035,0.986363636
39.49122807,1.045454545
39.52631579,0.611363636
39.56140351,0.634090909
39.59649123,0.668181818
39.63157895,0.775
39.66666667,0.872727273
39.70175439,0.715909091
39.73684211,0.852272727
39.77192982,0.888636364
39.80701754,0.913636364
39.84210526,1.018181818
39.87719298,1.202272727
39.9122807,0.677272727
39.94736842,0.804545455
39.98245614,0.781818182
40.01754386,0.943181818
40.05263158,0.85
40.0877193,0.690909091
40.12280702,0.990909091
40.15789474,0.95
40.19298246,1.072727273
40.22807018,1.245454545
40.26315789,1.295454545
40.29824561,0.838636364
40.33333333,0.759090909
40.36842105,0.763636364
40.40350877,0.877272727
40.43859649,0.863636364
40.47368421,0.986363636
40.50877193,0.65
40.54385965,0.772727273
40.57894737,0.986363636
40.61403509,1.231818182
40.64912281,1.347727273
40.68421053,0.815909091
40.71929825,0.897727273
40.75438596,1.009090909
40.78947368,0.759090909
40.8245614,0.706818182
40.85964912,0.720454545
40.89473684,0.663636364
40.92982456,0.779545455
40.96491228,0.902435065
59,1
59.03508772,0.654545455
59.07017544,0.704545455
59.10526316,0.656818182
59.14035088,0.697727273
59.1754386,0.790909091
59.21052632,0.877272727
59.24561404,0.984090909
59.28070175,1.036363636
59.31578947,0.718181818
59.35087719,0.822727273
59.38596491,0.852272727
59.42105263,0.834090909
59.45614035,0.531818182
59.49122807,0.672727273
59.52631579,0.790909091
59.56140351,0.825
59.59649123,0.690909091
59.63157895,0.947727273
59.66666667,1.122727273
59.70175439,1.068181818
59.73684211,0.827272727
59.77192982,0.938636364
59.80701754,0.861363636
59.84210526,0.704545455
59.87719298,0.854545455
59.9122807,0.834090909
59.94736842,0.709090909
59.98245614,0.906818182
60.01754386,1.063636364
60.05263158,1.211363636
60.0877193,1.184090909
60.12280702,0.834090909
60.15789474,0.968181818
60.19298246,1.127272727
60.22807018,0.581818182
60.26315789,0.695454545
60.29824561,0.652272727
60.33333333,0.729545455
60.36842105,0.829545455
60.40350877,0.936363636
60.43859649,1.029545455
60.47368421,1.154545455
60.50877193,0.990909091
60.54385965,1.111363636
60.57894737,0.997727273
60.61403509,1.168181818
60.64912281,0.881818182
60.68421053,0.918181818
60.71929825,1.077272727
60.75438596,0.738636364
60.78947368,0.768181818
60.8245614,0.920454545
60.85964912,0.922727273
60.89473684,0.9
60.92982456,0.938636364
60.96491228,0.879423701
79,0.554545455
79.03508772,0.720454545
79.07017544,0.693181818
79.10526316,0.736363636
79.14035088,0.686363636
79.1754386,0.763636364
79.21052632,0.85
79.24561404,0.931818182
79.28070175,0.888636364
79.31578947,1.004545455
79.35087719,1.163636364
79.38596491,1.181818182
79.42105263,0.536363636
79.45614035,0.663636364
79.49122807,0.481818182
79.52631579,0.529545455
79.56140351,0.663636364
79.59649123,0.722727273
79.63157895,0.743181818
79.66666667,0.797727273
79.70175439,0.927272727
79.73684211,1.079545455
79.77192982,1.172727273
79.80701754,0.629545455
79.84210526,0.593181818
79.87719298,0.634090909
79.9122807,0.747727273
79.94736842,0.863636364
79.98245614,0.943181818
80.01754386,0.772727273
80.05263158,0.925
80.0877193,0.972727273
80.12280702,0.972727273
80.15789474,0.820454545
80.19298246,0.765909091
80.22807018,0.761363636
80.26315789,0.893181818
80.29824561,1
80.33333333,0.777272727
80.36842105,0.870454545
80.40350877,0.720454545
80.43859649,0.554545455
80.47368421,0.6
80.50877193,0.845454545
80.54385965,0.809090909
80.57894737,0.945454545
80.61403509,0.856818182
80.64912281,1.011363636
80.68421053,0.995454545
80.71929825,1.031818182
80.75438596,0.990909091
80.78947368,0.604545455
80.8245614,0.779545455
80.85964912,0.972727273
80.89473684,1.168181818
80.92982456,0.872727273
80.96491228,0.824918831
99,0.85
99.03508772,0.888636364
99.07017544,1.027272727
99.10526316,1.075
99.14035088,0.795454545
99.1754386,0.772727273
99.21052632,0.747727273
99.24561404,0.820454545
99.28070175,1.05
99.31578947,1.002272727
99.35087719,1.172727273
99.38596491,0.827272727
99.42105263,0.988636364
99.45614035,1.179545455
99.49122807,1.215909091
99.52631579,1.065909091
99.56140351,1.184090909
99.59649123,0.813636364
99.63157895,0.972727273
99.66666667,0.802272727
99.70175439,0.85
99.73684211,0.986363636
99.77192982,1.104545455
99.80701754,1.027272727
99.84210526,0.925
99.87719298,1.093181818
99.9122807,1.236363636
99.94736842,1.093181818
99.98245614,1.247727273
100.0175439,0.672727273
100.0526316,0.779545455
100.0877193,0.822727273
100.122807,0.865909091
100.1578947,0.863636364
100.1929825,0.984090909
100.2280702,1.102272727
100.2631579,1.120454545
100.2982456,1.125
100.3333333,0.970454545
100.3684211,0.909090909
100.4035088,0.754545455
100.4385965,0.834090909
100.4736842,1.013636364
100.5087719,1.009090909
100.5438596,1.147727273
100.5789474,1.263636364
100.6140351,1.102272727
100.6491228,1.177272727
100.6842105,1
100.7192982,1.172727273
100.754386,0.902272727
100.7894737,1.088636364
100.8245614,1.227272727
100.8596491,0.904545455
100.8947368,0.845454545
100.9298246,0.970454545
100.9649123,0.990097403
119,1.404545455
119.0350877,0.879545455
119.0701754,0.611363636
119.1052632,0.611363636
119.1403509,0.672727273
119.1754386,0.663636364
119.2105263,0.802272727
119.245614,0.895454545
119.2807018,0.870454545
119.3157895,0.793181818
119.3508772,0.959090909
119.3859649,1.052272727
119.4210526,0.995454545
119.4561404,1.202272727
119.4912281,1.388636364
119.5263158,0.825
119.5614035,0.684090909
119.5964912,0.809090909
119.6315789,0.627272727
119.6666667,0.690909091
119.7017544,0.7
119.7368421,0.765909091
119.7719298,0.834090909
119.8070175,0.863636364
119.8421053,1.036363636
119.877193,1.154545455
119.9122807,1.327272727
119.9473684,1.411363636
119.9824561,1.425
120.0175439,0.856818182
120.0526316,0.793181818
120.0877193,0.918181818
120.122807,0.881818182
120.1578947,0.736363636
120.1929825,0.838636364
120.2280702,0.881818182
120.2631579,0.929545455
120.2982456,0.947727273
120.3333333,1.109090909
120.3684211,1.009090909
120.4035088,0.611363636
120.4385965,0.790909091
120.4736842,0.840909091
120.5087719,0.772727273
120.5438596,0.840909091
120.5789474,0.95
120.6140351,1.034090909
120.6491228,1.143181818
120.6842105,0.809090909
120.7192982,0.968181818
120.754386,1.161363636
120.7894737,0.954545455
120.8245614,1.179545455
120.8596491,0.822727273
120.8947368,0.936363636
120.9298246,1.118181818
120.9649123,0.924878247
139,0.822727273
139.0350877,0.956818182
139.0701754,0.868181818
139.1052632,0.884090909
139.1403509,0.997727273
139.1754386,0.827272727
139.2105263,0.968181818
139.245614,1.131818182
139.2807018,0.568181818
139.3157895,0.706818182
139.3508772,0.809090909
139.3859649,0.590909091
139.4210526,0.627272727
139.4561404,0.777272727
139.4912281,0.906818182
139.5263158,1.122727273
139.5614035,1.277272727
139.5964912,1.445454545
139.6315789,1.5
139.6666667,0.636363636
139.7017544,0.718181818
139.7368421,0.747727273
139.7719298,0.627272727
139.8070175,0.743181818
139.8421053,0.706818182
139.877193,0.629545455
139.9122807,0.7
139.9473684,0.820454545
139.9824561,0.904545455
140.0175439,1.136363636
140.0526316,1.234090909
140.0877193,1.365909091
140.122807,0.772727273
140.1578947,0.754545455
140.1929825,0.847727273
140.2280702,0.809090909
140.2631579,0.861363636
140.2982456,1.004545455
140.3333333,0.970454545
140.3684211,0.8
140.4035088,0.863636364
140.4385965,0.684090909
140.4736842,0.761363636
140.5087719,0.886363636
140.5438596,0.793181818
140.5789474,0.695454545
140.6140351,0.747727273
140.6491228,0.85
140.6842105,0.838636364
140.7192982,0.622727273
140.754386,0.704545455
140.7894737,0.845454545
140.8245614,0.9
140.8596491,0.913636364
140.8947368,0.931818182
140.9298246,0.95
140.9649123,0.867288961
159,1.254545455
159.0350877,0.720454545
159.0701754,0.840909091
159.1052632,1.027272727
159.1403509,0.745454545
159.1754386,0.659090909
159.2105263,0.813636364
159.245614,0.788636364
159.2807018,0.763636364
159.3157895,0.915909091
159.3508772,0.934090909
159.3859649,0.988636364
159.4210526,1.056818182
159.4561404,0.781818182
159.4912281,1.009090909
159.5263158,1.068181818
159.5614035,0.915909091
159.5964912,1.002272727
159.6315789,1.154545455
159.6666667,1.213636364
159.7017544,0.540909091
159.7368421,0.656818182
159.7719298,0.736363636
159.8070175,0.75
159.8421053,0.856818182
159.877193,1.047727273
159.9122807,1.131818182
159.9473684,0.818181818
159.9824561,0.981818182
160.0175439,1.243181818
160.0526316,0.690909091
160.0877193,0.85
160.122807,0.965909091
160.1578947,1.152272727
160.1929825,1.095454545
160.2280702,1.293181818
160.2631579,0.875
160.2982456,1.040909091
160.3333333,0.947727273
160.3684211,1.020454545
160.4035088,1.072727273
160.4385965,1.263636364
160.4736842,1.409090909
160.5087719,0.943181818
160.5438596,0.506818182
160.5789474,0.602272727
160.6140351,0.572727273
160.6491228,0.65
160.6842105,0.613636364
160.7192982,0.743181818
160.754386,0.820454545
160.7894737,0.845454545
160.8245614,0.972727273
160.8596491,1.106818182
160.8947368,1.263636364
160.9298246,1.193181818
160.9649123,0.927313312
179,0.713636364
179.0350877,0.681818182
179.0701754,0.852272727
179.1052632,0.745454545
179.1403509,0.781818182
179.1754386,0.843181818
179.2105263,1.027272727
179.245614,1.081818182
179.2807018,1.136363636
179.3157895,1.268181818
179.3508772,1.265909091
179.3859649,1.245454545
179.4210526,1.222727273
179.4561404,1.45
179.4912281,1.347727273
179.5263158,0.7
179.5614035,0.575
179.5964912,0.631818182
179.6315789,0.7
179.6666667,0.85
179.7017544,0.790909091
179.7368421,0.904545455
179.7719298,0.945454545
179.8070175,1.129545455
179.8421053,1.306818182
179.877193,1.281818182
179.9122807,0.670454545
179.9473684,0.718181818
179.9824561,0.747727273
180.0175439,1.070454545
180.0526316,0.756818182
180.0877193,0.763636364
180.122807,0.927272727
180.1578947,0.911363636
180.1929825,0.990909091
180.2280702,1.161363636
180.2631579,1.15
180.2982456,0.820454545
180.3333333,0.988636364
180.3684211,0.920454545
180.4035088,0.915909091
180.4385965,1.015909091
180.4736842,0.863636364
180.5087719,0.618181818
180.5438596,0.638636364
180.5789474,0.75
180.6140351,0.75
180.6491228,0.893181818
180.6842105,0.986363636
180.7192982,1.170454545
180.754386,1.361363636
180.7894737,1.140909091
180.8245614,1.145454545
180.8596491,0.518181818
180.8947368,0.536363636
180.9298246,0.586363636
180.9649123,0.928003247
199,1.025
199.0350877,0.918181818
199.0701754,0.825
199.1052632,0.947727273
199.1403509,0.906818182
199.1754386,0.681818182
199.2105263,0.827272727
199.245614,0.920454545
199.2807018,0.927272727
199.3157895,1.011363636
199.3508772,1.170454545
199.3859649,1.011363636
199.4210526,0.584090909
199.4561404,0.627272727
199.4912281,0.745454545
199.5263158,0.868181818
199.5614035,0.931818182
199.5964912,0.979545455
199.6315789,0.963636364
199.6666667,0.856818182
199.7017544,0.681818182
199.7368421,0.793181818
199.7719298,0.856818182
199.8070175,1.018181818
199.8421053,0.872727273
199.877193,0.743181818
199.9122807,0.829545455
199.9473684,0.709090909
199.9824561,0.761363636
200.0175439,0.938636364
200.0526316,1.093181818
200.0877193,0.990909091
200.122807,1.090909091
200.1578947,1.131818182
200.1929825,1.275
200.2280702,1.447727273
200.2631579,0.668181818
200.2982456,0.736363636
200.3333333,0.727272727
200.3684211,0.645454545
200.4035088,0.663636364
200.4385965,0.668181818
200.4736842,0.775
200.5087719,1.002272727
200.5438596,0.997727273
200.5789474,1.197727273
200.6140351,1.245454545
200.6491228,0.536363636
200.6842105,0.559090909
200.7192982,0.593181818
200.754386,0.645454545
200.7894737,0.727272727
200.8245614,0.759090909
200.8596491,0.747727273
200.8947368,0.627272727
200.9298246,0.665909091
200.9649123,0.859862013
219,1.1
219.0350877,0.863636364
219.0701754,0.786363636
219.1052632,0.852272727
219.1403509,0.85
219.1754386,0.979545455
219.2105263,1
219.245614,0.938636364
219.2807018,0.590909091
219.3157895,0.513636364
219.3508772,0.625
219.3859649,0.704545455
219.4210526,0.677272727
219.4561404,0.831818182
219.4912281,0.918181818
219.5263158,0.920454545
219.5614035,0.920454545
219.5964912,0.75
219.6315789,0.909090909
219.6666667,1.118181818
219.7017544,1.243181818
219.7368421,1.386363636
219.7719298,0.670454545
219.8070175,0.779545455
219.8421053,0.940909091
219.877193,1.013636364
219.9122807,1.202272727
219.9473684,1.172727273
219.9824561,1.031818182
220.0175439,0.854545455
220.0526316,0.781818182
220.0877193,0.927272727
220.122807,0.870454545
220.1578947,0.6
220.1929825,0.731818182
220.2280702,0.836363636
220.2631579,0.802272727
220.2982456,0.920454545
220.3333333,1.052272727
220.3684211,1.068181818
220.4035088,1.184090909
220.4385965,1.365909091
220.4736842,0.659090909
220.5087719,0.829545455
220.5438596,0.936363636
220.5789474,0.9
220.6140351,0.836363636
220.6491228,0.772727273
220.6842105,0.809090909
220.7192982,0.929545455
220.754386,1.118181818
220.7894737,0.856818182
220.8245614,0.990909091
220.8596491,0.847727273
220.8947368,0.954545455
220.9298246,0.602272727
220.9649123,0.898741883
239,0.815909091
239.0350877,0.788636364
239.0701754,0.745454545
239.1052632,0.822727273
239.1403509,0.868181818
239.1754386,0.965909091
239.2105263,1.093181818
239.245614,1.136363636
239.2807018,1.222727273
239.3157895,1.268181818
239.3508772,0.754545455
239.3859649,0.881818182
239.4210526,0.938636364
239.4561404,1.05
239.4912281,1.215909091
239.5263158,0.593181818
239.5614035,0.518181818
239.5964912,0.590909091
239.6315789,0.665909091
239.6666667,0.759090909
239.7017544,0.845454545
239.7368421,0.836363636
239.7719298,0.961363636
239.8070175,1.038636364
239.8421053,0.834090909
239.877193,1.004545455
239.9122807,0.863636364
239.9473684,0.620454545
239.9824561,0.65
240.0175439,0.927272727
240.0526316,0.672727273
240.0877193,0.768181818
240.122807,0.772727273
240.1578947,0.856818182
240.1929825,0.984090909
240.2280702,1.118181818
240.2631579,1.159090909
240.2982456,1.045454545
240.3333333,1.052272727
240.3684211,0.786363636
240.4035088,0.706818182
240.4385965,0.786363636
240.4736842,0.870454545
240.5087719,0.609090909
240.5438596,0.631818182
240.5789474,0.668181818
240.6140351,0.715909091
240.6491228,0.881818182
240.6842105,0.904545455
240.7192982,0.870454545
240.754386,0.852272727
240.7894737,0.981818182
240.8245614,0.654545455
240.8596491,0.793181818
240.8947368,0.938636364
240.9298246,0.559090909
240.9649123,0.855681818
259,1.029545455
259.0350877,0.720454545
259.0701754,0.736363636
259.1052632,0.595454545
259.1403509,0.7
259.1754386,0.55
259.2105263,0.581818182
259.245614,0.688636364
259.2807018,0.784090909
259.3157895,0.870454545
259.3508772,1.063636364
259.3859649,1.234090909
259.4210526,1.347727273
259.4561404,1.481818182
259.4912281,0.788636364
259.5263158,0.620454545
259.5614035,0.640909091
259.5964912,0.727272727
259.6315789,0.852272727
259.6666667,0.981818182
259.7017544,0.659090909
259.7368421,0.784090909
259.7719298,0.738636364
259.8070175,0.736363636
259.8421053,0.85
259.877193,0.959090909
259.9122807,1.154545455
259.9473684,1.186363636
259.9824561,1.075
260.0175439,0.579545455
260.0526316,0.656818182
260.0877193,0.7
260.122807,0.804545455
260.1578947,0.877272727
260.1929825,0.990909091
260.2280702,1.125
260.2631579,1.3
260.2982456,0.902272727
260.3333333,0.736363636
260.3684211,0.761363636
260.4035088,0.872727273
260.4385965,0.638636364
260.4736842,0.731818182
260.5087719,0.865909091
260.5438596,0.972727273
260.5789474,0.915909091
260.6140351,1.086363636
260.6491228,1.272727273
260.6842105,1.315909091
260.7192982,0.438636364
260.754386,0.511363636
260.7894737,0.584090909
260.8245614,0.645454545
260.8596491,0.65
260.8947368,0.720454545
260.9298246,0.825
260.9649123,0.85036526
279,0.665909091
279.0350877,0.95
279.0701754,0.654545455
279.1052632,0.779545455
279.1403509,0.772727273
279.1754386,0.809090909
279.2105263,0.875
279.245614,0.740909091
279.2807018,0.706818182
279.3157895,0.775
279.3508772,0.918181818
279.3859649,0.904545455
279.4210526,0.681818182
279.4561404,0.693181818
279.4912281,0.845454545
279.5263158,0.679545455
279.5614035,0.797727273
279.5964912,0.943181818
279.6315789,0.984090909
279.6666667,0.740909091
279.7017544,0.902272727
279.7368421,0.859090909
279.7719298,0.984090909
279.8070175,1.156818182
279.8421053,0.822727273
279.877193,0.954545455
279.9122807,0.829545455
279.9473684,0.881818182
279.9824561,0.843181818
280.0175439,0.854545455
280.0526316,0.847727273
280.0877193,0.488636364
280.122807,0.547727273
280.1578947,0.579545455
280.1929825,0.568181818
280.2280702,0.663636364
280.2631579,0.759090909
280.2982456,0.836363636
280.3333333,0.881818182
280.3684211,1.045454545
280.4035088,0.902272727
280.4385965,1.090909091
280.4736842,1.272727273
280.5087719,0.761363636
280.5438596,0.913636364
280.5789474,0.627272727
280.6140351,0.665909091
280.6491228,0.763636364
280.6842105,0.881818182
280.7192982,0.718181818
280.754386,0.904545455
280.7894737,0.990909091
280.8245614,1.190909091
280.8596491,1.372727273
280.8947368,1.525
280.9298246,1.565909091
280.9649123,0.863798701
299,0.793181818
299.0350877,0.9
299.0701754,0.995454545
299.1052632,1.084090909
299.1403509,1.156818182
299.1754386,0.570454545
299.2105263,0.609090909
299.245614,0.706818182
299.2807018,0.640909091
299.3157895,0.743181818
299.3508772,0.840909091
299.3859649,0.804545455
299.4210526,0.972727273
299.4561404,0.920454545
299.4912281,0.986363636
299.5263158,1.045454545
299.5614035,1.181818182
299.5964912,1.320454545
299.6315789,0.995454545
299.6666667,0.931818182
299.7017544,1.052272727
299.7368421,0.615909091
299.7719298,0.731818182
299.8070175,0.668181818
299.8421053,0.704545455
299.877193,0.818181818
299.9122807,0.95
299.9473684,1.086363636
299.9824561,1.222727273
300.0175439,0.652272727
300.0526316,0.638636364
300.0877193,0.777272727
300.122807,0.829545455
300.1578947,0.922727273
300.1929825,0.927272727
300.2280702,0.984090909
300.2631579,1.165909091
300.2982456,0.9
300.3333333,0.627272727
300.3684211,0.479545455
300.4035088,0.590909091
300.4385965,0.554545455
300.4736842,0.565909091
300.5087719,0.777272727
300.5438596,0.854545455
300.5789474,0.979545455
300.6140351,1.052272727
300.6491228,1.172727273
300.6842105,1.084090909
300.7192982,0.747727273
300.754386,0.856818182
300.7894737,0.968181818
300.8245614,1.147727273
300.8596491,1.077272727
300.8947368,1.231818182
300.9298246,1.247727273
300.9649123,0.890422078
319,0.843181818
319.0350877,0.984090909
319.0701754,0.895454545
319.1052632,0.920454545
319.1403509,0.759090909
319.1754386,0.559090909
319.2105263,0.563636364
319.245614,0.613636364
319.2807018,0.602272727
319.3157895,0.613636364
319.3508772,0.736363636
319.3859649,0.802272727
319.4210526,0.918181818
319.4561404,0.947727273
319.4912281,0.754545455
319.5263158,1.081818182
319.5614035,0.834090909
319.5964912,0.745454545
319.6315789,0.813636364
319.6666667,0.704545455
319.7017544,0.65
319.7368421,0.668181818
319.7719298,0.779545455
319.8070175,0.834090909
319.8421053,0.943181818
319.877193,0.972727273
319.9122807,0.65
319.9473684,0.727272727
319.9824561,0.811363636
320.0175439,0.872727273
320.0526316,0.956818182
320.0877193,1.054545455
320.122807,0.961363636
320.1578947,1.034090909
320.1929825,1.177272727
320.2280702,1.229545455
320.2631579,1.427272727
320.2982456,0.625
320.3333333,0.668181818
320.3684211,0.790909091
320.4035088,0.720454545
320.4385965,0.863636364
320.4736842,0.7
320.5087719,0.895454545
320.5438596,1.047727273
320.5789474,0.959090909
320.6140351,0.790909091
320.6491228,0.968181818
320.6842105,1.090909091
320.7192982,1.236363636
320.754386,0.595454545
320.7894737,0.743181818
320.8245614,0.761363636
320.8596491,0.668181818
320.8947368,0.675
320.9298246,0.8
320.9649123,0.840056818
339,0.761363636
339.0350877,0.802272727
339.0701754,0.904545455
339.1052632,0.802272727
339.1403509,0.904545455
339.1754386,1.059090909
339.2105263,1.129545455
339.245614,1.25
339.2807018,1.434090909
339.3157895,1.281818182
339.3508772,0.6
339.3859649,0.652272727
339.4210526,0.695454545
339.4561404,0.718181818
339.4912281,0.815909091
339.5263158,1.045454545
339.5614035,1.070454545
339.5964912,0.672727273
339.6315789,0.784090909
339.6666667,0.940909091
339.7017544,0.870454545
339.7368421,1.040909091
339.7719298,1.040909091
339.8070175,0.909090909
339.8421053,1.059090909
339.877193,1.188636364
339.9122807,0.734090909
339.9473684,0.895454545
339.9824561,1.045454545
340.0175439,1.402272727
340.0526316,0.793181818
340.0877193,0.818181818
340.122807,0.622727273
340.1578947,0.731818182
340.1929825,0.763636364
340.2280702,0.881818182
340.2631579,0.622727273
340.2982456,0.756818182
340.3333333,0.754545455
340.3684211,0.856818182
340.4035088,0.990909091
340.4385965,1.088636364
340.4736842,0.459090909
340.5087719,0.440909091
340.5438596,0.513636364
340.5789474,0.538636364
340.6140351,0.615909091
340.6491228,0.688636364
340.6842105,0.836363636
340.7192982,0.927272727
340.754386,1.102272727
340.7894737,1.229545455
340.8245614,1.284090909
340.8596491,0.815909091
340.8947368,1.029545455
340.9298246,0.865909091
340.9649123,0.884659091
359,0.704545455
359.0350877,0.763636364
359.0701754,0.863636364
359.1052632,1.015909091
359.1403509,1.081818182
359.1754386,1.229545455
359.2105263,1.259090909
359.245614,0.945454545
359.2807018,0.904545455
359.3157895,1.102272727
359.3508772,1.270454545
359.3859649,1.438636364
359.4210526,0.554545455
359.4561404,0.627272727
359.4912281,0.581818182
359.5263158,0.713636364
359.5614035,0.754545455
359.5964912,0.834090909
359.6315789,0.929545455
359.6666667,1.070454545
359.7017544,1.179545455
359.7368421,1.354545455
359.7719298,1.377272727
359.8070175,0.520454545
359.8421053,0.652272727
359.877193,0.784090909
359.9122807,0.913636364
359.9473684,0.795454545
359.9824561,0.847727273
360.0175439,1.115909091
360.0526316,1.154545455
360.0877193,1.059090909
360.122807,0.688636364
360.1578947,0.872727273
360.1929825,1.088636364
360.2280702,1.320454545
360.2631579,0.793181818
360.2982456,0.865909091
360.3333333,0.738636364
360.3684211,0.715909091
360.4035088,0.743181818
360.4385965,0.840909091
360.4736842,0.904545455
360.5087719,0.706818182
360.5438596,0.754545455
360.5789474,0.793181818
360.6140351,0.865909091
360.6491228,0.779545455
360.6842105,0.940909091
360.7192982,1.109090909
360.754386,1.240909091
360.7894737,1.270454545
360.8245614,1.3
360.8596491,0.736363636
360.8947368,0.693181818
360.9298246,0.777272727
360.9649123,0.927516234
379,0.770454545
379.0350877,0.772727273
379.0701754,0.893181818
379.1052632,0.981818182
379.1403509,1.1
379.1754386,1.236363636
379.2105263,1.281818182
379.245614,1.063636364
379.2807018,0.893181818
379.3157895,0.954545455
379.3508772,0.693181818
379.3859649,0.725
379.4210526,0.809090909
379.4561404,0.938636364
379.4912281,1.1
379.5263158,1.227272727
379.5614035,0.654545455
379.5964912,0.734090909
379.6315789,0.795454545
379.6666667,0.929545455
379.7017544,0.884090909
379.7368421,0.840909091
379.7719298,0.895454545
379.8070175,1.077272727
379.8421053,1.195454545
379.877193,0.736363636
379.9122807,0.902272727
379.9473684,0.847727273
379.9824561,0.972727273
380.0175439,1.138636364
380.0526316,1.213636364
380.0877193,1.1
380.122807,1.252272727
380.1578947,1.381818182
380.1929825,1.45
380.2280702,0.977272727
380.2631579,0.988636364
380.2982456,0.752272727
380.3333333,0.913636364
380.3684211,0.743181818
380.4035088,0.797727273
380.4385965,0.984090909
380.4736842,1.088636364
380.5087719,1.234090909
380.5438596,0.943181818
380.5789474,0.981818182
380.6140351,1.093181818
380.6491228,1.215909091
380.6842105,1.372727273
380.7192982,0.627272727
380.754386,0.693181818
380.7894737,0.779545455
380.8245614,0.881818182
380.8596491,0.909090909
380.8947368,1.034090909
380.9298246,1.081818182
380.9649123,0.973863636
399,0.711363636
399.0350877,0.863636364
399.0701754,0.893181818
399.1052632,0.904545455
399.1403509,0.797727273
399.1754386,0.881818182
399.2105263,1.020454545
399.245614,1.143181818
399.2807018,1.281818182
399.3157895,1.322727273
399.3508772,0.752272727
399.3859649,0.734090909
399.4210526,0.797727273
399.4561404,0.902272727
399.4912281,0.743181818
399.5263158,0.85
399.5614035,0.931818182
399.5964912,1.052272727
399.6315789,1.179545455
399.6666667,1.259090909
399.7017544,0.95
399.7368421,0.895454545
399.7719298,0.595454545
399.8070175,0.584090909
399.8421053,0.670454545
399.877193,0.784090909
399.9122807,0.820454545
399.9473684,0.845454545
399.9824561,1.034090909
400.0175439,1.138636364
400.0526316,1.195454545
400.0877193,1.286363636
400.122807,1.327272727
400.1578947,0.925
400.1929825,0.554545455
400.2280702,0.668181818
400.2631579,0.765909091
400.2982456,0.929545455
400.3333333,1.015909091
400.3684211,1.002272727
400.4035088,1.093181818
400.4385965,1.170454545
400.4736842,1.281818182
400.5087719,0.852272727
400.5438596,0.959090909
400.5789474,1.220454545
400.6140351,1.309090909
400.6491228,1.022727273
400.6842105,1.154545455
400.7192982,1.036363636
400.754386,1.204545455
400.7894737,0.761363636
400.8245614,0.709090909
400.8596491,0.709090909
400.8947368,0.875
400.9298246,1.015909091
400.9649123,0.953327922
419,0.743181818
419.0350877,0.740909091
419.0701754,0.679545455
419.1052632,0.711363636
419.1403509,0.565909091
419.1754386,0.645454545
419.2105263,0.736363636
419.245614,0.693181818
419.2807018,0.797727273
419.3157895,0.981818182
419.3508772,0.972727273
419.3859649,0.918181818
419.4210526,1.004545455
419.4561404,0.884090909
419.4912281,0.722727273
419.5263158,0.652272727
419.5614035,0.718181818
419.5964912,0.843181818
419.6315789,0.965909091
419.6666667,0.720454545
419.7017544,0.888636364
419.7368421,1.002272727
419.7719298,0.904545455
419.8070175,0.645454545
419.8421053,0.684090909
419.877193,0.906818182
419.9122807,0.775
419.9473684,0.718181818
419.9824561,0.845454545
420.0175439,0.9
420.0526316,0.740909091
420.0877193,0.881818182
420.122807,0.888636364
420.1578947,0.906818182
420.1929825,0.956818182
420.2280702,1.029545455
420.2631579,1.247727273
420.2982456,1.329545455
420.3333333,0.904545455
420.3684211,0.797727273
420.4035088,0.931818182
420.4385965,0.743181818
420.4736842,0.809090909
420.5087719,0.918181818
420.5438596,0.961363636
420.5789474,0.968181818
420.6140351,1.179545455
420.6491228,0.725
420.6842105,0.761363636
420.7192982,0.584090909
420.754386,0.720454545
420.7894737,0.820454545
420.8245614,0.809090909
420.8596491,0.911363636
420.8947368,0.840909091
420.9298246,0.795454545
420.9649123,0.84163961
439,0.584090909
439.0350877,0.452272727
439.0701754,0.540909091
439.1052632,0.590909091
439.1403509,0.681818182
439.1754386,0.772727273
439.2105263,0.6
439.245614,0.647727273
439.2807018,0.725
439.3157895,0.856818182
439.3508772,1.009090909
439.3859649,0.711363636
439.4210526,0.856818182
439.4561404,0.709090909
439.4912281,0.613636364
439.5263158,0.490909091
439.5614035,0.55
439.5964912,0.670454545
439.6315789,0.597727273
439.6666667,0.670454545
439.7017544,0.790909091
439.7368421,0.763636364
439.7719298,0.654545455
439.8070175,0.654545455
439.8421053,0.693181818
439.877193,0.909090909
439.9122807,1.002272727
439.9473684,1.020454545
439.9824561,0.740909091
440.0175439,0.611363636
440.0526316,0.690909091
440.0877193,0.754545455
440.122807,0.763636364
440.1578947,0.906818182
440.1929825,0.940909091
440.2280702,0.695454545
440.2631579,0.7
440.2982456,0.706818182
440.3333333,0.943181818
440.3684211,0.870454545
440.4035088,0.938636364
440.4385965,0.629545455
440.4736842,0.781818182
440.5087719,0.681818182
440.5438596,0.802272727
440.5789474,0.834090909
440.6140351,0.525
440.6491228,0.640909091
440.6842105,0.668181818
440.7192982,0.736363636
440.754386,0.790909091
440.7894737,0.872727273
440.8245614,0.940909091
440.8596491,0.943181818
440.8947368,1.118181818
440.9298246,0.820454545
440.9649123,0.747686688
459,0.802272727
459.0350877,0.556818182
459.0701754,0.545454545
459.1052632,0.540909091
459.1403509,0.611363636
459.1754386,0.709090909
459.2105263,0.740909091
459.245614,0.890909091
459.2807018,0.945454545
459.3157895,0.845454545
459.3508772,0.693181818
459.3859649,0.856818182
459.4210526,0.736363636
459.4561404,0.779545455
459.4912281,0.911363636
459.5263158,1.022727273
459.5614035,1.072727273
459.5964912,1.347727273
459.6315789,0.840909091
459.6666667,0.920454545
459.7017544,1.136363636
459.7368421,1.270454545
459.7719298,0.954545455
459.8070175,0.884090909
459.8421053,0.963636364
459.877193,0.822727273
459.9122807,0.929545455
459.9473684,1.072727273
459.9824561,1.125
460.0175439,0.745454545
460.0526316,0.888636364
460.0877193,1.102272727
460.122807,0.886363636
460.1578947,0.981818182
460.1929825,1.193181818
460.2280702,0.872727273
460.2631579,0.940909091
460.2982456,1.109090909
460.3333333,1.127272727
460.3684211,1.138636364
460.4035088,1.093181818
460.4385965,0.652272727
460.4736842,0.525
460.5087719,0.556818182
460.5438596,0.640909091
460.5789474,0.718181818
460.6140351,0.768181818
460.6491228,0.886363636
460.6842105,0.829545455
460.7192982,0.8
460.754386,0.813636364
460.7894737,0.888636364
460.8245614,0.945454545
460.8596491,1.161363636
460.8947368,0.6
460.9298246,0.609090909
460.9649123,0.875081169
479,1.252272727
479.0350877,0.888636364
479.0701754,0.488636364
479.1052632,0.590909091
479.1403509,0.715909091
479.1754386,0.659090909
479.2105263,0.618181818
479.245614,0.7
479.2807018,0.806818182
479.3157895,0.85
479.3508772,0.775
479.3859649,1.065909091
479.4210526,1.179545455
479.4561404,1.168181818
479.4912281,1.088636364
479.5263158,0.609090909
479.5614035,0.636363636
479.5964912,0.620454545
479.6315789,0.693181818
479.6666667,0.725
479.7017544,0.793181818
479.7368421,0.8
479.7719298,0.863636364
479.8070175,0.836363636
479.8421053,0.713636364
479.877193,0.543181818
479.9122807,0.706818182
479.9473684,0.806818182
479.9824561,0.943181818
480.0175439,1.018181818
480.0526316,1.081818182
480.0877193,0.829545455
480.122807,1
480.1578947,1.134090909
480.1929825,0.811363636
480.2280702,0.995454545
480.2631579,1.161363636
480.2982456,0.840909091
480.3333333,0.734090909
480.3684211,0.856818182
480.4035088,0.990909091
480.4385965,1.118181818
480.4736842,1.290909091
480.5087719,0.645454545
480.5438596,0.697727273
480.5789474,0.554545455
480.6140351,0.656818182
480.6491228,0.675
480.6842105,0.684090909
480.7192982,0.752272727
480.754386,0.75
480.7894737,0.834090909
480.8245614,0.961363636
480.8596491,1.161363636
480.8947368,1.215909091
480.9298246,0.561363636
480.9649123,0.84200487
499,0.593181818
499.0350877,0.609090909
499.0701754,0.686363636
499.1052632,0.636363636
499.1403509,0.736363636
499.1754386,0.8
499.2105263,0.886363636
499.245614,0.95
499.2807018,1.104545455
499.3157895,0.640909091
499.3508772,0.590909091
499.3859649,0.820454545
499.4210526,0.815909091
499.4561404,0.879545455
499.4912281,0.906818182
499.5263158,0.902272727
499.5614035,0.688636364
499.5964912,0.790909091
499.6315789,0.811363636
499.6666667,0.790909091
499.7017544,0.865909091
499.7368421,0.777272727
499.7719298,0.727272727
499.8070175,0.8
499.8421053,0.645454545
499.877193,0.813636364
499.9122807,0.672727273
499.9473684,0.765909091
499.9824561,0.668181818
500.0175439,0.756818182
500.0526316,0.854545455
500.0877193,0.636363636
500.122807,0.809090909
500.1578947,0.827272727
500.1929825,0.961363636
500.2280702,1.054545455
500.2631579,0.968181818
500.2982456,1.063636364
500.3333333,0.863636364
500.3684211,1.168181818
500.4035088,0.579545455
500.4385965,0.602272727
500.4736842,0.672727273
500.5087719,0.738636364
500.5438596,0.775
500.5789474,0.888636364
500.6140351,0.95
500.6491228,0.981818182
500.6842105,0.875
500.7192982,1.059090909
500.754386,0.772727273
500.7894737,0.775
500.8245614,0.754545455
500.8596491,1.075
500.8947368,1.277272727
500.9298246,1.211363636
500.9649123,0.827313312
519,0.765909091
519.0350877,0.906818182
519.0701754,1.056818182
519.1052632,0.577272727
519.1403509,0.672727273
519.1754386,0.802272727
519.2105263,0.590909091
519.245614,0.681818182
519.2807018,0.672727273
519.3157895,0.775
519.3508772,0.795454545
519.3859649,0.986363636
519.4210526,1.025
519.4561404,0.920454545
519.4912281,0.936363636
519.5263158,0.906818182
519.5614035,0.990909091
519.5964912,0.681818182
519.6315789,0.777272727
519.6666667,0.915909091
519.7017544,0.890909091
519.7368421,0.695454545
519.7719298,0.790909091
519.8070175,0.8
519.8421053,0.918181818
519.877193,0.972727273
519.9122807,1.070454545
519.9473684,1.190909091
519.9824561,0.840909091
520.0175439,0.702272727
520.0526316,0.693181818
520.0877193,0.772727273
520.122807,0.904545455
520.1578947,0.688636364
520.1929825,0.745454545
520.2280702,0.906818182
520.2631579,1.109090909
520.2982456,1.284090909
520.3333333,0.865909091
520.3684211,1.277272727
520.4035088,1.461363636
520.4385965,0.752272727
520.4736842,0.825
520.5087719,0.890909091
520.5438596,0.718181818
520.5789474,0.870454545
520.6140351,0.956818182
520.6491228,1.013636364
520.6842105,1.054545455
520.7192982,1.25
520.754386,1.445454545
520.7894737,0.636363636
520.8245614,0.775
520.8596491,0.540909091
520.8947368,0.640909091
520.9298246,0.756818182
520.9649123,0.877637987
539,0.936363636
539.0350877,0.645454545
539.0701754,0.611363636
539.1052632,0.565909091
539.1403509,0.529545455
539.1754386,0.620454545
539.2105263,0.75
539.245614,0.827272727
539.2807018,0.804545455
539.3157895,0.763636364
539.3508772,0.852272727
539.3859649,0.7
539.4210526,0.545454545
539.4561404,0.593181818
539.4912281,0.597727273
539.5263158,0.640909091
539.5614035,0.729545455
539.5964912,0.804545455
539.6315789,0.972727273
539.6666667,0.954545455
539.7017544,0.684090909
539.7368421,0.722727273
539.7719298,0.804545455
539.8070175,0.754545455
539.8421053,0.802272727
539.877193,0.865909091
539.9122807,1.045454545
539.9473684,0.645454545
539.9824561,0.775
540.0175439,0.854545455
540.0526316,0.856818182
540.0877193,0.847727273
540.122807,0.968181818
540.1578947,1.093181818
540.1929825,0.781818182
540.2280702,0.831818182
540.2631579,0.663636364
540.2982456,0.765909091
540.3333333,0.488636364
540.3684211,0.688636364
540.4035088,0.659090909
540.4385965,0.729545455
540.4736842,0.765909091
540.5087719,0.859090909
540.5438596,0.929545455
540.5789474,1.002272727
540.6140351,0.881818182
540.6491228,0.809090909
540.6842105,0.984090909
540.7192982,0.695454545
540.754386,0.854545455
540.7894737,0.647727273
540.8245614,0.688636364
540.8596491,0.711363636
540.8947368,0.672727273
540.9298246,0.75
540.9649123,0.768344156
559,0.634090909
559.0350877,0.545454545
559.0701754,0.695454545
559.1052632,0.645454545
559.1403509,0.790909091
559.1754386,0.759090909
559.2105263,0.895454545
559.245614,1.011363636
559.2807018,1.043181818
559.3157895,1.143181818
559.3508772,0.713636364
559.3859649,0.663636364
559.4210526,0.763636364
559.4561404,0.677272727
559.4912281,0.784090909
559.5263158,0.825
559.5614035,0.877272727
559.5964912,0.627272727
559.6315789,0.706818182
559.6666667,0.85
559.7017544,1.020454545
559.7368421,0.868181818
559.7719298,0.85
559.8070175,0.672727273
559.8421053,0.729545455
559.877193,0.827272727
559.9122807,0.697727273
559.9473684,0.802272727
559.9824561,0.877272727
560.0175439,0.611363636
560.0526316,0.738636364
560.0877193,0.781818182
560.122807,0.920454545
560.1578947,0.975
560.1929825,0.868181818
560.2280702,0.863636364
560.2631579,0.961363636
560.2982456,0.552272727
560.3333333,0.572727273
560.3684211,0.720454545
560.4035088,0.754545455
560.4385965,0.695454545
560.4736842,0.795454545
560.5087719,0.659090909
560.5438596,0.740909091
560.5789474,0.847727273
560.6140351,0.993181818
560.6491228,0.918181818
560.6842105,0.879545455
560.7192982,0.954545455
560.754386,1.093181818
560.7894737,1.125
560.8245614,0.884090909
560.8596491,1.047727273
560.8947368,0.518181818
560.9298246,0.529545455
560.9649123,0.803571429
579,1.038636364
579.0350877,0.911363636
579.0701754,0.943181818
579.1052632,1.002272727
579.1403509,0.663636364
579.1754386,0.556818182
579.2105263,0.672727273
579.245614,0.627272727
579.2807018,0.722727273
579.3157895,0.793181818
579.3508772,0.775
579.3859649,0.822727273
579.4210526,0.893181818
579.4561404,1.075
579.4912281,1.181818182
579.5263158,1.422727273
579.5614035,0.7
579.5964912,0.538636364
579.6315789,0.693181818
579.6666667,0.65
579.7017544,0.822727273
579.7368421,0.675
579.7719298,0.756818182
579.8070175,0.856818182
579.8421053,0.856818182
579.877193,0.943181818
579.9122807,1.104545455
579.9473684,1.247727273
579.9824561,0.759090909
580.0175439,0.804545455
580.0526316,0.943181818
580.0877193,0.945454545
580.122807,1.018181818
580.1578947,1.061363636
580.1929825,1.240909091
580.2280702,1.354545455
580.2631579,0.713636364
580.2982456,0.802272727
580.3333333,0.909090909
580.3684211,0.840909091
580.4035088,0.822727273
580.4385965,0.938636364
580.4736842,1.084090909
580.5087719,1.261363636
580.5438596,1.438636364
580.5789474,0.786363636
580.6140351,0.620454545
580.6491228,0.636363636
580.6842105,0.763636364
580.7192982,0.597727273
580.754386,0.509090909
580.7894737,0.556818182
580.8245614,0.645454545
580.8596491,0.718181818
580.8947368,0.804545455
580.9298246,0.925
580.9649123,0.865178571
599,0.622727273
599.0350877,0.702272727
599.0701754,0.736363636
599.1052632,0.918181818
599.1403509,0.975
599.1754386,1.145454545
599.2105263,0.820454545
599.245614,0.890909091
599.2807018,1.111363636
599.3157895,1.147727273
599.3508772,0.688636364
599.3859649,0.904545455
599.4210526,0.85
599.4561404,0.802272727
599.4912281,0.779545455
599.5263158,0.972727273
599.5614035,0.836363636
599.5964912,0.740909091
599.6315789,0.877272727
599.6666667,0.875
599.7017544,0.743181818
599.7368421,0.859090909
599.7719298,0.881818182
599.8070175,0.765909091
599.8421053,0.745454545
599.877193,0.781818182
599.9122807,0.809090909
599.9473684,0.709090909
599.9824561,0.795454545
600.0175439,0.779545455
600.0526316,0.8
600.0877193,0.918181818
600.122807,0.961363636
600.1578947,0.913636364
600.1929825,1.018181818
600.2280702,1.088636364
600.2631579,1.202272727
600.2982456,1.065909091
600.3333333,1.193181818
600.3684211,0.7
600.4035088,0.809090909
600.4385965,0.925
600.4736842,0.815909091
600.5087719,0.809090909
600.5438596,0.922727273
600.5789474,1.036363636
600.6140351,1.227272727
600.6491228,1.031818182
600.6842105,0.809090909
600.7192982,0.820454545
600.754386,0.693181818
600.7894737,0.727272727
600.8245614,0.763636364
600.8596491,0.522727273
600.8947368,0.597727273
600.9298246,0.638636364
600.9649123,0.86213474
619,0.7
619.0350877,0.818181818
619.0701754,0.836363636
619.1052632,0.938636364
619.1403509,0.893181818
619.1754386,0.843181818
619.2105263,0.677272727
619.245614,0.681818182
619.2807018,0.681818182
619.3157895,0.656818182
619.3508772,0.756818182
619.3859649,0.938636364
619.4210526,0.893181818
619.4561404,0.959090909
619.4912281,0.934090909
619.5263158,1.136363636
619.5614035,0.736363636
619.5964912,0.793181818
619.6315789,0.913636364
619.6666667,0.954545455
619.7017544,0.747727273
619.7368421,0.938636364
619.7719298,0.954545455
619.8070175,0.5
619.8421053,0.484090909
619.877193,0.577272727
619.9122807,0.590909091
619.9473684,0.670454545
619.9824561,0.738636364
620.0175439,0.811363636
620.0526316,0.763636364
620.0877193,0.772727273
620.122807,0.85
620.1578947,0.990909091
620.1929825,0.704545455
620.2280702,0.875
620.2631579,1.063636364
620.2982456,0.713636364
620.3333333,0.859090909
620.3684211,0.961363636
620.4035088,0.888636364
620.4385965,0.918181818
620.4736842,0.754545455
620.5087719,0.820454545
620.5438596,0.545454545
620.5789474,0.581818182
620.6140351,0.627272727
620.6491228,0.647727273
620.6842105,0.568181818
620.7192982,0.65
620.754386,0.709090909
620.7894737,0.736363636
620.8245614,0.911363636
620.8596491,1.129545455
620.8947368,1.293181818
620.9298246,1.415909091
620.9649123,0.812662338
639,0.738636364
639.0350877,0.690909091
639.0701754,0.756818182
639.1052632,0.868181818
639.1403509,1.002272727
639.1754386,1.027272727
639.2105263,1.025
639.245614,0.704545455
639.2807018,0.779545455
639.3157895,0.740909091
639.3508772,0.922727273
639.3859649,0.529545455
639.4210526,0.625
639.4561404,0.597727273
639.4912281,0.693181818
639.5263158,0.761363636
639.5614035,0.852272727
639.5964912,0.95
639.6315789,0.890909091
639.6666667,0.856818182
639.7017544,0.963636364
639.7368421,1.118181818
639.7719298,0.636363636
639.8070175,0.813636364
639.8421053,0.604545455
639.877193,0.986363636
639.9122807,0.625
639.9473684,0.695454545
639.9824561,0.6
640.0175439,0.675
640.0526316,0.840909091
640.0877193,0.959090909
640.122807,1.040909091
640.1578947,1.111363636
640.1929825,0.981818182
640.2280702,0.870454545
640.2631579,0.756818182
640.2982456,0.706818182
640.3333333,0.856818182
640.3684211,0.834090909
640.4035088,0.722727273
640.4385965,0.779545455
640.4736842,0.815909091
640.5087719,0.886363636
640.5438596,0.879545455
640.5789474,0.795454545
640.6140351,0.777272727
640.6491228,0.918181818
640.6842105,1.095454545
640.7192982,1.256818182
640.754386,1.413636364
640.7894737,0.984090909
640.8245614,0.831818182
640.8596491,0.831818182
640.8947368,0.925
640.9298246,0.954545455
640.9649123,0.849269481
659,0.790909091
659.0350877,0.906818182
659.0701754,1.015909091
659.1052632,1.059090909
659.1403509,0.695454545
659.1754386,0.670454545
659.2105263,0.681818182
659.245614,0.756818182
659.2807018,0.845454545
659.3157895,0.718181818
659.3508772,0.65
659.3859649,0.936363636
659.4210526,0.881818182
659.4561404,0.975
659.4912281,1.054545455
659.5263158,0.893181818
659.5614035,0.934090909
659.5964912,0.586363636
659.6315789,0.552272727
659.6666667,0.556818182
659.7017544,0.563636364
659.7368421,0.652272727
659.7719298,0.793181818
659.8070175,0.795454545
659.8421053,0.863636364
659.877193,1.043181818
659.9122807,1.136363636
659.9473684,1.197727273
659.9824561,0.554545455
660.0175439,0.6
660.0526316,0.661363636
660.0877193,0.609090909
660.122807,0.754545455
660.1578947,0.802272727
660.1929825,0.829545455
660.2280702,0.920454545
660.2631579,0.834090909
660.2982456,1
660.3333333,1.131818182
660.3684211,1.054545455
660.4035088,0.620454545
660.4385965,0.693181818
660.4736842,0.781818182
660.5087719,0.820454545
660.5438596,0.781818182
660.5789474,0.729545455
660.6140351,0.852272727
660.6491228,0.818181818
660.6842105,0.931818182
660.7192982,1.134090909
660.754386,1.079545455
660.7894737,0.745454545
660.8245614,0.940909091
660.8596491,1.154545455
660.8947368,1.161363636
660.9298246,1.018181818
660.9649123,0.843262987
679,1.325
679.0350877,0.55
679.0701754,0.613636364
679.1052632,0.709090909
679.1403509,0.725
679.1754386,0.784090909
679.2105263,0.925
679.245614,0.931818182
679.2807018,0.915909091
679.3157895,0.968181818
679.3508772,1.079545455
679.3859649,0.795454545
679.4210526,0.611363636
679.4561404,0.681818182
679.4912281,0.754545455
679.5263158,0.845454545
679.5614035,1.05
679.5964912,1.009090909
679.6315789,1.147727273
679.6666667,0.947727273
679.7017544,1.113636364
679.7368421,1.038636364
679.7719298,0.838636364
679.8070175,1.045454545
679.8421053,0.602272727
679.877193,0.781818182
679.9122807,0.85
679.9473684,0.972727273
679.9824561,0.963636364
680.0175439,1.022727273
680.0526316,1.104545455
680.0877193,1.218181818
680.122807,1.384090909
680.1578947,1.586363636
680.1929825,0.609090909
680.2280702,0.579545455
680.2631579,0.622727273
680.2982456,0.656818182
680.3333333,0.675
680.3684211,0.809090909
680.4035088,0.763636364
680.4385965,0.781818182
680.4736842,0.911363636
680.5087719,1.063636364
680.5438596,0.820454545
680.5789474,0.8
680.6140351,0.638636364
680.6491228,0.8
680.6842105,0.402272727
680.7192982,0.463636364
680.754386,0.518181818
680.7894737,0.602272727
680.8245614,0.7
680.8596491,0.909090909
680.8947368,0.854545455
680.9298246,0.922727273
680.9649123,0.853530844
699,1.106818182
699.0350877,0.709090909
699.0701754,0.831818182
699.1052632,0.945454545
699.1403509,1.159090909
699.1754386,0.947727273
699.2105263,0.781818182
699.245614,0.609090909
699.2807018,0.647727273
699.3157895,0.7
699.3508772,0.756818182
699.3859649,0.870454545
699.4210526,0.972727273
699.4561404,1.015909091
699.4912281,1.175
699.5263158,1.311363636
699.5614035,1.445454545
699.5964912,0.95
699.6315789,0.965909091
699.6666667,0.797727273
699.7017544,0.788636364
699.7368421,0.647727273
699.7719298,0.768181818
699.8070175,0.845454545
699.8421053,0.815909091
699.877193,1.027272727
699.9122807,0.970454545
699.9473684,0.672727273
699.9824561,0.809090909
700.0175439,0.936363636
700.0526316,0.55
700.0877193,0.611363636
700.122807,0.702272727
700.1578947,0.795454545
700.1929825,1.002272727
700.2280702,0.740909091
700.2631579,0.913636364
700.2982456,1.063636364
700.3333333,1.222727273
700.3684211,0.786363636
700.4035088,0.677272727
700.4385965,0.693181818
700.4736842,0.652272727
700.5087719,0.688636364
700.5438596,0.827272727
700.5789474,0.877272727
700.6140351,1.011363636
700.6491228,1.134090909
700.6842105,0.829545455
700.7192982,0.959090909
700.754386,0.663636364
700.7894737,0.704545455
700.8245614,0.881818182
700.8596491,0.706818182
700.8947368,0.825
700.9298246,0.95
700.9649123,0.865219156
719,0.506818182
719.0350877,0.620454545
719.0701754,0.602272727
719.1052632,0.779545455
719.1403509,0.770454545
719.1754386,0.929545455
719.2105263,0.7
719.245614,0.85
719.2807018,0.713636364
719.3157895,0.759090909
719.3508772,0.836363636
719.3859649,0.593181818
719.4210526,0.718181818
719.4561404,0.779545455
719.4912281,0.809090909
719.5263158,0.656818182
719.5614035,0.786363636
719.5964912,0.820454545
719.6315789,0.972727273
719.6666667,1.029545455
719.7017544,1.156818182
719.7368421,0.575
719.7719298,0.579545455
719.8070175,0.622727273
719.8421053,0.620454545
719.877193,0.622727273
719.9122807,0.763636364
719.9473684,0.9
719.9824561,1.002272727
720.0175439,1.127272727
720.0526316,1.325
720.0877193,0.663636364
720.122807,0.559090909
720.1578947,0.7
720.1929825,0.593181818
720.2280702,0.7
720.2631579,0.795454545
720.2982456,0.665909091
720.3333333,0.772727273
720.3684211,0.829545455
720.4035088,0.961363636
720.4385965,1.140909091
720.4736842,1.238636364
720.5087719,0.638636364
720.5438596,0.695454545
720.5789474,0.863636364
720.6140351,0.918181818
720.6491228,0.647727273
720.6842105,0.734090909
720.7192982,0.736363636
720.754386,0.888636364
720.7894737,0.672727273
720.8245614,0.754545455
720.8596491,1.118181818
720.8947368,0.736363636
720.9298246,0.881818182
720.9649123,0.793506494
739,0.881818182
739.0350877,1
739.0701754,1.131818182
739.1052632,0.809090909
739.1403509,0.963636364
739.1754386,1.109090909
739.2105263,1.272727273
739.245614,0.575
739.2807018,0.652272727
739.3157895,0.743181818
739.3508772,0.756818182
739.3859649,0.747727273
739.4210526,0.806818182
739.4561404,0.868181818
739.4912281,0.825
739.5263158,0.947727273
739.5614035,0.934090909
739.5964912,1.072727273
739.6315789,1.265909091
739.6666667,1.306818182
739.7017544,0.5
739.7368421,0.554545455
739.7719298,0.586363636
739.8070175,0.670454545
739.8421053,0.731818182
739.877193,0.802272727
739.9122807,0.995454545
739.9473684,1.154545455
739.9824561,1.329545455
740.0175439,0.634090909
740.0526316,0.693181818
740.0877193,0.606818182
740.122807,0.711363636
740.1578947,0.659090909
740.1929825,0.688636364
740.2280702,0.768181818
740.2631579,0.872727273
740.2982456,1.004545455
740.3333333,1.161363636
740.3684211,1.020454545
740.4035088,1.245454545
740.4385965,0.754545455
740.4736842,0.656818182
740.5087719,0.577272727
740.5438596,0.634090909
740.5789474,0.756818182
740.6140351,0.875
740.6491228,0.884090909
740.6842105,0.993181818
740.7192982,0.961363636
740.754386,1.075
740.7894737,1.186363636
740.8245614,1.090909091
740.8596491,0.870454545
740.8947368,0.831818182
740.9298246,0.868181818
740.9649123,0.87637987
759,1.027272727
759.0350877,1.1
759.0701754,0.909090909
759.1052632,0.881818182
759.1403509,0.525
759.1754386,0.579545455
759.2105263,0.575
759.245614,0.543181818
759.2807018,0.668181818
759.3157895,0.797727273
759.3508772,0.822727273
759.3859649,1.013636364
759.4210526,0.979545455
759.4561404,1.034090909
759.4912281,1.215909091
759.5263158,1.286363636
759.5614035,0.659090909
759.5964912,0.579545455
759.6315789,0.718181818
759.6666667,0.756818182
759.7017544,0.834090909
759.7368421,0.970454545
759.7719298,1.131818182
759.8070175,0.968181818
759.8421053,0.990909091
759.877193,1.006818182
759.9122807,1.154545455
759.9473684,0.693181818
759.9824561,0.834090909
760.0175439,0.938636364
760.0526316,1.025
760.0877193,0.818181818
760.122807,0.704545455
760.1578947,0.806818182
760.1929825,0.895454545
760.2280702,0.981818182
760.2631579,1.038636364
760.2982456,1.163636364
760.3333333,1.045454545
760.3684211,0.588636364
760.4035088,0.695454545
760.4385965,0.788636364
760.4736842,0.820454545
760.5087719,0.936363636
760.5438596,1.015909091
760.5789474,0.811363636
760.6140351,0.970454545
760.6491228,0.975
760.6842105,0.940909091
760.7192982,1.095454545
760.754386,1.318181818
760.7894737,0.779545455
760.8245614,0.820454545
760.8596491,0.922727273
760.8947368,1.090909091
760.9298246,1.038636364
760.9649123,0.897930195
779,0.8
779.0350877,0.947727273
779.0701754,0.888636364
779.1052632,0.747727273
779.1403509,0.843181818
779.1754386,1.020454545
779.2105263,1.093181818
779.245614,0.795454545
779.2807018,0.856818182
779.3157895,0.756818182
779.3508772,0.777272727
779.3859649,0.940909091
779.4210526,1.056818182
779.4561404,1.154545455
779.4912281,0.881818182
779.5263158,0.590909091
779.5614035,0.709090909
779.5964912,0.663636364
779.6315789,0.759090909
779.6666667,0.893181818
779.7017544,0.927272727
779.7368421,0.877272727
779.7719298,1.040909091
779.8070175,1.025
779.8421053,0.831818182
779.877193,1.2
779.9122807,0.954545455
779.9473684,0.890909091
779.9824561,0.988636364
780.0175439,0.772727273
780.0526316,0.679545455
780.0877193,0.752272727
780.122807,0.634090909
780.1578947,0.731818182
780.1929825,0.634090909
780.2280702,0.629545455
780.2631579,0.597727273
780.2982456,0.736363636
780.3333333,0.804545455
780.3684211,0.95
780.4035088,0.9
780.4385965,1.086363636
780.4736842,0.820454545
780.5087719,0.954545455
780.5438596,0.877272727
780.5789474,1.070454545
780.6140351,0.740909091
780.6491228,0.740909091
780.6842105,0.536363636
780.7192982,0.615909091
780.754386,0.713636364
780.7894737,0.8
780.8245614,0.820454545
780.8596491,0.840909091
780.8947368,0.890909091
780.9298246,0.904545455
780.9649123,0.841964286
799,0.747727273
799.0350877,0.863636364
799.0701754,1.031818182
799.1052632,1.222727273
799.1403509,1.388636364
799.1754386,1.461363636
799.2105263,0.536363636
799.245614,0.629545455
799.2807018,0.597727273
799.3157895,0.572727273
799.3508772,0.627272727
799.3859649,0.765909091
799.4210526,0.822727273
799.4561404,0.745454545
799.4912281,0.906818182
799.5263158,1.011363636
799.5614035,0.986363636
799.5964912,1.140909091
799.6315789,0.490909091
799.6666667,0.595454545
799.7017544,0.702272727
799.7368421,0.754545455
799.7719298,0.829545455
799.8070175,0.809090909
799.8421053,0.722727273
799.877193,0.938636364
799.9122807,1.036363636
799.9473684,0.690909091
799.9824561,0.75
800.0175439,0.806818182
800.0526316,0.968181818
800.0877193,0.852272727
800.122807,0.984090909
800.1578947,1.063636364
800.1929825,1.252272727
800.2280702,0.9
800.2631579,0.988636364
800.2982456,1.052272727
800.3333333,0.936363636
800.3684211,0.977272727
800.4035088,0.872727273
800.4385965,1.077272727
800.4736842,1.031818182
800.5087719,0.954545455
800.5438596,0.856818182
800.5789474,0.997727273
800.6140351,0.915909091
800.6491228,0.911363636
800.6842105,0.754545455
800.7192982,0.820454545
800.754386,0.838636364
800.7894737,0.918181818
800.8245614,0.922727273
800.8596491,0.802272727
800.8947368,0.938636364
800.9298246,0.963636364
800.9649123,0.888189935
819,0.918181818
819.0350877,0.777272727
819.0701754,0.95
819.1052632,1.111363636
819.1403509,1.136363636
819.1754386,1.381818182
819.2105263,1.184090909
819.245614,0.781818182
819.2807018,0.881818182
819.3157895,1.056818182
819.3508772,1.05
819.3859649,0.629545455
819.4210526,0.684090909
819.4561404,0.847727273
819.4912281,0.979545455
819.5263158,0.681818182
819.5614035,0.790909091
819.5964912,0.847727273
819.6315789,0.729545455
819.6666667,0.840909091
819.7017544,0.918181818
819.7368421,1.009090909
819.7719298,1.177272727
819.8070175,1.059090909
819.8421053,0.481818182
819.877193,0.625
819.9122807,0.597727273
819.9473684,0.645454545
819.9824561,0.65
820.0175439,0.65
820.0526316,0.720454545
820.0877193,0.818181818
820.122807,0.922727273
820.1578947,0.95
820.1929825,0.831818182
820.2280702,0.834090909
820.2631579,0.736363636
820.2982456,0.838636364
820.3333333,0.765909091
820.3684211,0.918181818
820.4035088,1.111363636
820.4385965,0.711363636
820.4736842,0.790909091
820.5087719,0.893181818
820.5438596,0.913636364
820.5789474,0.990909091
820.6140351,1.063636364
820.6491228,1.161363636
820.6842105,1.075
820.7192982,0.831818182
820.754386,0.956818182
820.7894737,1.063636364
820.8245614,0.729545455
820.8596491,0.747727273
820.8947368,0.868181818
820.9298246,1.011363636
820.9649123,0.880925325
839,0.722727273
839.0350877,0.754545455
839.0701754,0.754545455
839.1052632,0.913636364
839.1403509,0.920454545
839.1754386,1.029545455
839.2105263,1.045454545
839.245614,1.022727273
839.2807018,1.072727273
839.3157895,0.815909091
839.3508772,0.893181818
839.3859649,0.568181818
839.4210526,0.609090909
839.4561404,0.625
839.4912281,0.681818182
839.5263158,0.863636364
839.5614035,0.847727273
839.5964912,0.981818182
839.6315789,1.152272727
839.6666667,0.847727273
839.7017544,0.877272727
839.7368421,1.063636364
839.7719298,1.272727273
839.8070175,1.302272727
839.8421053,0.895454545
839.877193,0.611363636
839.9122807,0.711363636
839.9473684,0.879545455
839.9824561,0.790909091
840.0175439,0.972727273
840.0526316,0.888636364
840.0877193,0.993181818
840.122807,1.134090909
840.1578947,1.015909091
840.1929825,0.995454545
840.2280702,0.597727273
840.2631579,0.779545455
840.2982456,0.668181818
840.3333333,0.715909091
840.3684211,0.654545455
840.4035088,0.790909091
840.4385965,0.929545455
840.4736842,0.929545455
840.5087719,1.122727273
840.5438596,1.277272727
840.5789474,1.395454545
840.6140351,0.686363636
840.6491228,0.806818182
840.6842105,0.804545455
840.7192982,0.856818182
840.754386,0.693181818
840.7894737,0.852272727
840.8245614,0.954545455
840.8596491,1.081818182
840.8947368,1.275
840.9298246,1.106818182
840.9649123,0.901907468
859,0.711363636
859.0350877,0.863636364
859.0701754,0.609090909
859.1052632,0.706818182
859.1403509,0.690909091
859.1754386,0.745454545
859.2105263,0.902272727
859.245614,1.086363636
859.2807018,0.920454545
859.3157895,0.906818182
859.3508772,1.125
859.3859649,1.409090909
859.4210526,0.631818182
859.4561404,0.431818182
859.4912281,0.475
859.5263158,0.565909091
859.5614035,0.668181818
859.5964912,0.745454545
859.6315789,0.754545455
859.6666667,0.763636364
859.7017544,0.847727273
859.7368421,0.954545455
859.7719298,1.018181818
859.8070175,1.136363636
859.8421053,1.254545455
859.877193,0.518181818
859.9122807,0.547727273
859.9473684,0.686363636
859.9824561,0.627272727
860.0175439,0.645454545
860.0526316,0.770454545
860.0877193,0.781818182
860.122807,0.954545455
860.1578947,0.704545455
860.1929825,0.845454545
860.2280702,1.052272727
860.2631579,0.972727273
860.2982456,1.118181818
860.3333333,0.956818182
860.3684211,0.609090909
860.4035088,0.681818182
860.4385965,0.765909091
860.4736842,0.893181818
860.5087719,0.915909091
860.5438596,0.8
860.5789474,0.868181818
860.6140351,1.065909091
860.6491228,1.270454545
860.6842105,1.481818182
860.7192982,1.684090909
860.754386,0.620454545
860.7894737,0.595454545
860.8245614,0.65
860.8596491,0.772727273
860.8947368,0.802272727
860.9298246,0.875
860.9649123,0.847483766
879,1.086363636
879.0350877,0.970454545
879.0701754,1.136363636
879.1052632,1.263636364
879.1403509,1.340909091
879.1754386,0.884090909
879.2105263,1.038636364
879.245614,1.177272727
879.2807018,0.781818182
879.3157895,0.888636364
879.3508772,1.063636364
879.3859649,0.815909091
879.4210526,0.886363636
879.4561404,1.109090909
879.4912281,1.031818182
879.5263158,1.234090909
879.5614035,0.663636364
879.5964912,0.754545455
879.6315789,0.890909091
879.6666667,0.822727273
879.7017544,1
879.7368421,0.927272727
879.7719298,0.8
879.8070175,0.713636364
879.8421053,0.847727273
879.877193,0.725
879.9122807,0.65
879.9473684,0.761363636
879.9824561,0.822727273
880.0175439,0.890909091
880.0526316,0.911363636
880.0877193,0.945454545
880.122807,0.809090909
880.1578947,0.977272727
880.1929825,0.845454545
880.2280702,0.795454545
880.2631579,0.822727273
880.2982456,0.731818182
880.3333333,0.756818182
880.3684211,0.668181818
880.4035088,0.827272727
880.4385965,0.909090909
880.4736842,0.984090909
880.5087719,0.909090909
880.5438596,0.777272727
880.5789474,0.965909091
880.6140351,0.709090909
880.6491228,0.931818182
880.6842105,1.147727273
880.7192982,0.681818182
880.754386,0.665909091
880.7894737,0.697727273
880.8245614,0.718181818
880.8596491,0.893181818
880.8947368,0.945454545
880.9298246,0.604545455
880.9649123,0.885917208
899,0.815909091
899.0350877,0.788636364
899.0701754,0.906818182
899.1052632,0.936363636
899.1403509,0.972727273
899.1754386,0.713636364
899.2105263,0.777272727
899.245614,0.877272727
899.2807018,0.975
899.3157895,1.129545455
899.3508772,1.263636364
899.3859649,1.109090909
899.4210526,1.202272727
899.4561404,1.425
899.4912281,0.822727273
899.5263158,0.813636364
899.5614035,0.834090909
899.5964912,0.886363636
899.6315789,0.886363636
899.6666667,0.811363636
899.7017544,1.004545455
899.7368421,0.688636364
899.7719298,0.738636364
899.8070175,0.811363636
899.8421053,0.925
899.877193,1.013636364
899.9122807,1.118181818
899.9473684,1.129545455
899.9824561,1.045454545
900.0175439,1.147727273
900.0526316,1.2
900.0877193,0.668181818
900.122807,0.777272727
900.1578947,0.922727273
900.1929825,0.688636364
900.2280702,0.811363636
900.2631579,0.761363636
900.2982456,0.822727273
900.3333333,0.788636364
900.3684211,1.038636364
900.4035088,1.172727273
900.4385965,1.204545455
900.4736842,1.340909091
900.5087719,1.468181818
900.5438596,0.704545455
900.5789474,0.820454545
900.6140351,0.802272727
900.6491228,0.881818182
900.6842105,0.95
900.7192982,0.65
900.754386,0.777272727
900.7894737,0.929545455
900.8245614,1.070454545
900.8596491,0.993181818
900.8947368,0.925
900.9298246,0.768181818
900.9649123,0.937662338
919,0.870454545
919.0350877,0.875
919.0701754,0.747727273
919.1052632,0.838636364
919.1403509,0.954545455
919.1754386,0.981818182
919.2105263,1.027272727
919.245614,0.6
919.2807018,0.713636364
919.3157895,0.834090909
919.3508772,0.681818182
919.3859649,0.831818182
919.4210526,0.984090909
919.4561404,1.186363636
919.4912281,0.940909091
919.5263158,0.972727273
919.5614035,1.086363636
919.5964912,0.675
919.6315789,0.738636364
919.6666667,0.822727273
919.7017544,0.895454545
919.7368421,0.454545455
919.7719298,0.447727273
919.8070175,0.513636364
919.8421053,0.593181818
919.877193,0.663636364
919.9122807,0.754545455
919.9473684,0.797727273
919.9824561,0.797727273
920.0175439,0.85
920.0526316,0.893181818
920.0877193,0.645454545
920.122807,0.775
920.1578947,0.956818182
920.1929825,0.45
920.2280702,0.511363636
920.2631579,0.552272727
920.2982456,0.665909091
920.3333333,0.668181818
920.3684211,0.790909091
920.4035088,0.929545455
920.4385965,1.047727273
920.4736842,1.193181818
920.5087719,0.95
920.5438596,0.661363636
920.5789474,0.579545455
920.6140351,0.634090909
920.6491228,0.654545455
920.6842105,0.606818182
920.7192982,0.722727273
920.754386,0.745454545
920.7894737,0.820454545
920.8245614,0.931818182
920.8596491,1.068181818
920.8947368,1.109090909
920.9298246,0.618181818
920.9649123,0.791314935
939,0.565909091
939.0350877,0.581818182
939.0701754,0.684090909
939.1052632,0.55
939.1403509,0.636363636
939.1754386,0.759090909
939.2105263,0.829545455
939.245614,0.954545455
939.2807018,0.954545455
939.3157895,0.911363636
939.3508772,1.018181818
939.3859649,0.827272727
939.4210526,0.731818182
939.4561404,0.818181818
939.4912281,0.711363636
939.5263158,0.827272727
939.5614035,0.859090909
939.5964912,0.756818182
939.6315789,0.875
939.6666667,0.993181818
939.7017544,0.838636364
939.7368421,0.972727273
939.7719298,1.113636364
939.8070175,1.313636364
939.8421053,0.484090909
939.877193,0.581818182
939.9122807,0.706818182
939.9473684,0.838636364
939.9824561,0.854545455
940.0175439,0.761363636
940.0526316,0.881818182
940.0877193,0.990909091
940.122807,0.859090909
940.1578947,0.997727273
940.1929825,1.177272727
940.2280702,1.413636364
940.2631579,0.736363636
940.2982456,0.847727273
940.3333333,0.943181818
940.3684211,0.727272727
940.4035088,0.863636364
940.4385965,0.640909091
940.4736842,0.665909091
940.5087719,0.738636364
940.5438596,0.677272727
940.5789474,0.827272727
940.6140351,0.877272727
940.6491228,0.968181818
940.6842105,1.186363636
940.7192982,1.354545455
940.754386,1.481818182
940.7894737,1.670454545
940.8245614,0.768181818
940.8596491,0.754545455
940.8947368,0.875
940.9298246,0.836363636
940.9649123,0.876298701
959,0.781818182
959.0350877,0.856818182
959.0701754,0.893181818
959.1052632,0.654545455
959.1403509,0.754545455
959.1754386,0.838636364
959.2105263,0.904545455
959.245614,0.904545455
959.2807018,0.868181818
959.3157895,0.813636364
959.3508772,0.843181818
959.3859649,0.645454545
959.4210526,0.615909091
959.4561404,0.6
959.4912281,0.765909091
959.5263158,0.711363636
959.5614035,0.875
959.5964912,1.086363636
959.6315789,0.875
959.6666667,0.993181818
959.7017544,0.706818182
959.7368421,0.9
959.7719298,1.054545455
959.8070175,0.720454545
959.8421053,0.697727273
959.877193,0.85
959.9122807,0.961363636
959.9473684,0.797727273
959.9824561,0.936363636
960.0175439,1.018181818
960.0526316,0.636363636
960.0877193,0.756818182
960.122807,0.893181818
960.1578947,0.65
960.1929825,0.718181818
960.2280702,0.847727273
960.2631579,0.990909091
960.2982456,0.838636364
960.3333333,1.018181818
960.3684211,0.477272727
960.4035088,0.552272727
960.4385965,0.597727273
960.4736842,0.622727273
960.5087719,0.656818182
960.5438596,0.786363636
960.5789474,0.802272727
960.6140351,0.884090909
960.6491228,0.936363636
960.6842105,0.786363636
960.7192982,0.838636364
960.754386,0.809090909
960.7894737,0.754545455
960.8245614,0.713636364
960.8596491,0.702272727
960.8947368,0.813636364
960.9298246,0.881818182
960.9649123,0.801623377
979,0.902272727
979.0350877,0.997727273
979.0701754,1.1
979.1052632,0.836363636
979.1403509,0.854545455
979.1754386,1.036363636
979.2105263,0.884090909
979.245614,0.918181818
979.2807018,1.063636364
979.3157895,0.911363636
979.3508772,0.893181818
979.3859649,1.002272727
979.4210526,1.047727273
979.4561404,0.831818182
979.4912281,0.736363636
979.5263158,0.813636364
979.5614035,0.904545455
979.5964912,1.040909091
979.6315789,0.911363636
979.6666667,1.038636364
979.7017544,0.990909091
979.7368421,1.104545455
979.7719298,1.186363636
979.8070175,0.702272727
979.8421053,0.536363636
979.877193,0.613636364
979.9122807,0.65
979.9473684,0.759090909
979.9824561,0.745454545
980.0175439,0.802272727
980.0526316,0.836363636
980.0877193,0.922727273
980.122807,1.027272727
980.1578947,0.981818182
980.1929825,0.688636364
980.2280702,0.768181818
980.2631579,0.811363636
980.2982456,0.965909091
980.3333333,1.136363636
980.3684211,1.286363636
980.4035088,1.420454545
980.4385965,0.804545455
980.4736842,0.829545455
980.5087719,0.840909091
980.5438596,1.034090909
980.5789474,0.631818182
980.6140351,0.722727273
980.6491228,0.754545455
980.6842105,0.725
980.7192982,0.868181818
980.754386,0.868181818
980.7894737,1.025
980.8245614,1.129545455
980.8596491,0.922727273
980.8947368,0.740909091
980.9298246,0.854545455
980.9649123,0.900243506
999,0.775
999.0350877,0.793181818
999.0701754,0.954545455
999.1052632,1.056818182
999.1403509,1.175
999.1754386,1.059090909
999.2105263,1.181818182
999.245614,0.777272727
999.2807018,0.620454545
999.3157895,0.654545455
999.3508772,0.722727273
999.3859649,0.779545455
999.4210526,0.843181818
999.4561404,0.884090909
999.4912281,1.054545455
999.5263158,1.190909091
999.5614035,0.809090909
999.5964912,0.815909091
999.6315789,0.725
999.6666667,0.640909091
999.7017544,0.772727273
999.7368421,0.609090909
999.7719298,0.727272727
999.8070175,0.85
999.8421053,0.863636364
999.877193,0.947727273
999.9122807,0.720454545
999.9473684,0.706818182
999.9824561,0.813636364
1000.017544,0.977272727
1000.052632,1.204545455
1000.087719,1.122727273
1000.122807,0.893181818
1000.157895,0.845454545
1000.192982,0.625
1000.22807,0.579545455
1000.263158,0.618181818
1000.298246,0.611363636
1000.333333,0.754545455
1000.368421,0.772727273
1000.403509,0.913636364
1000.438596,1.027272727
1000.473684,1.081818182
1000.508772,1.179545455
1000.54386,0.520454545
1000.578947,0.640909091
1000.614035,0.481818182
1000.649123,0.547727273
1000.684211,0.677272727
1000.719298,0.697727273
1000.754386,0.840909091
1000.789474,0.877272727
1000.824561,0.856818182
1000.859649,1.040909091
1000.894737,1.195454545
1000.929825,1.359090909
1000.964912,0.847646104
1019,1.179545455
1019.035088,1.293181818
1019.070175,1.463636364
1019.105263,0.590909091
1019.140351,0.681818182
1019.175439,0.720454545
1019.210526,0.831818182
1019.245614,0.965909091
1019.280702,0.988636364
1019.315789,1.129545455
1019.350877,1.313636364
1019.385965,1.436363636
1019.421053,0.681818182
1019.45614,0.618181818
1019.491228,0.704545455
1019.526316,0.822727273
1019.561404,0.879545455
1019.596491,0.922727273
1019.631579,0.729545455
1019.666667,0.786363636
1019.701754,0.815909091
1019.736842,0.965909091
1019.77193,1.118181818
1019.807018,0.768181818
1019.842105,0.913636364
1019.877193,1.063636364
1019.912281,0.627272727
1019.947368,0.661363636
1019.982456,0.731818182
1020.017544,0.813636364
1020.052632,0.765909091
1020.087719,0.936363636
1020.122807,0.781818182
1020.157895,0.938636364
1020.192982,1.081818182
1020.22807,1.054545455
1020.263158,0.772727273
1020.298246,0.859090909
1020.333333,0.906818182
1020.368421,0.965909091
1020.403509,1.038636364
1020.438596,1.093181818
1020.473684,0.827272727
1020.508772,0.815909091
1020.54386,0.947727273
1020.578947,0.802272727
1020.614035,0.727272727
1020.649123,0.836363636
1020.684211,0.804545455
1020.719298,0.831818182
1020.754386,0.681818182
1020.789474,0.645454545
1020.824561,0.725
1020.859649,0.786363636
1020.894737,0.909090909
1020.929825,0.925
1020.964912,0.887175325
1039,1.327272727
1039.035088,0.620454545
1039.070175,0.738636364
1039.105263,0.793181818
1039.140351,0.75
1039.175439,0.904545455
1039.210526,0.713636364
1039.245614,0.818181818
1039.280702,0.918181818
1039.315789,1.125
1039.350877,1.288636364
1039.385965,0.893181818
1039.421053,1.004545455
1039.45614,1.125
1039.491228,0.927272727
1039.526316,0.925
1039.561404,0.868181818
1039.596491,0.990909091
1039.631579,0.838636364
1039.666667,1.013636364
1039.701754,0.925
1039.736842,1.040909091
1039.77193,0.711363636
1039.807018,0.865909091
1039.842105,0.956818182
1039.877193,1.113636364
1039.912281,1.222727273
1039.947368,1.338636364
1039.982456,1.120454545
1040.017544,1.3
1040.052632,0.847727273
1040.087719,0.725
1040.122807,0.825
1040.157895,0.872727273
1040.192982,0.990909091
1040.22807,1.104545455
1040.263158,1.281818182
1040.298246,0.740909091
1040.333333,0.797727273
1040.368421,0.856818182
1040.403509,0.918181818
1040.438596,1.009090909
1040.473684,1.031818182
1040.508772,0.986363636
1040.54386,0.75
1040.578947,0.704545455
1040.614035,0.761363636
1040.649123,0.765909091
1040.684211,0.675
1040.719298,0.813636364
1040.754386,0.829545455
1040.789474,0.740909091
1040.824561,0.959090909
1040.859649,0.893181818
1040.894737,0.911363636
1040.929825,1.152272727
1040.964912,0.930803571
1059,0.704545455
1059.035088,0.852272727
1059.070175,0.834090909
1059.105263,0.909090909
1059.140351,1.231818182
1059.175439,1.459090909
1059.210526,1.463636364
1059.245614,0.540909091
1059.280702,0.593181818
1059.315789,0.686363636
1059.350877,0.754545455
1059.385965,0.779545455
1059.421053,0.718181818
1059.45614,0.804545455
1059.491228,0.904545455
1059.526316,1.081818182
1059.561404,1.118181818
1059.596491,0.990909091
1059.631579,0.602272727
1059.666667,0.715909091
1059.701754,0.554545455
1059.736842,0.513636364
1059.77193,0.609090909
1059.807018,0.738636364
1059.842105,0.627272727
1059.877193,0.684090909
1059.912281,0.845454545
1059.947368,0.740909091
1059.982456,0.847727273
1060.017544,0.947727273
1060.052632,1.068181818
1060.087719,1.234090909
1060.122807,1.011363636
1060.157895,0.481818182
1060.192982,0.538636364
1060.22807,0.597727273
1060.263158,0.661363636
1060.298246,0.729545455
1060.333333,0.747727273
1060.368421,0.881818182
1060.403509,0.886363636
1060.438596,1.034090909
1060.473684,1.204545455
1060.508772,1.354545455
1060.54386,0.588636364
1060.578947,0.654545455
1060.614035,0.738636364
1060.649123,0.856818182
1060.684211,0.954545455
1060.719298,1.127272727
1060.754386,1.015909091
1060.789474,1.047727273
1060.824561,0.765909091
1060.859649,0.870454545
1060.894737,0.761363636
1060.929825,0.727272727
1060.964912,0.846347403
1079,0.854545455
1079.035088,1.320454545
1079.070175,1.190909091
1079.105263,0.965909091
1079.140351,0.863636364
1079.175439,1.013636364
1079.210526,1.140909091
1079.245614,0.511363636
1079.280702,0.552272727
1079.315789,0.527272727
1079.350877,0.586363636
1079.385965,0.65
1079.421053,0.709090909
1079.45614,0.759090909
1079.491228,0.845454545
1079.526316,0.8
1079.561404,0.920454545
1079.596491,0.979545455
1079.631579,1.136363636
1079.666667,1.265909091
1079.701754,0.815909091
1079.736842,0.606818182
1079.77193,0.665909091
1079.807018,0.663636364
1079.842105,0.759090909
1079.877193,0.904545455
1079.912281,0.838636364
1079.947368,1.038636364
1079.982456,0.965909091
1080.017544,0.811363636
1080.052632,0.856818182
1080.087719,0.997727273
1080.122807,0.931818182
1080.157895,0.790909091
1080.192982,0.793181818
1080.22807,0.918181818
1080.263158,1.136363636
1080.298246,1.368181818
1080.333333,1.2
1080.368421,1.306818182
1080.403509,0.795454545
1080.438596,0.940909091
1080.473684,1.168181818
1080.508772,1.122727273
1080.54386,1.322727273
1080.578947,0.786363636
1080.614035,0.85
1080.649123,1.004545455
1080.684211,1.179545455
1080.719298,0.656818182
1080.754386,0.663636364
1080.789474,0.743181818
1080.824561,0.802272727
1080.859649,0.820454545
1080.894737,1.004545455
1080.929825,0.872727273
1080.964912,0.905316558
1099,0.631818182
1099.035088,0.747727273
1099.070175,0.613636364
1099.105263,0.722727273
1099.140351,0.754545455
1099.175439,0.856818182
1099.210526,0.970454545
1099.245614,1.165909091
1099.280702,0.488636364
1099.315789,0.522727273
1099.350877,0.6
1099.385965,0.659090909
1099.421053,0.720454545
1099.45614,0.765909091
1099.491228,0.734090909
1099.526316,0.731818182
1099.561404,0.802272727
1099.596491,0.845454545
1099.631579,0.931818182
1099.666667,0.777272727
1099.701754,0.965909091
1099.736842,0.602272727
1099.77193,0.831818182
1099.807018,0.945454545
1099.842105,0.775
1099.877193,0.8
1099.912281,0.845454545
1099.947368,0.972727273
1099.982456,1.1
1100.017544,0.820454545
1100.052632,1.020454545
1100.087719,0.909090909
1100.122807,0.870454545
1100.157895,1.077272727
1100.192982,1.209090909
1100.22807,0.743181818
1100.263158,0.7
1100.298246,0.763636364
1100.333333,0.868181818
1100.368421,0.820454545
1100.403509,0.863636364
1100.438596,0.909090909
1100.473684,0.602272727
1100.508772,0.731818182
1100.54386,0.834090909
1100.578947,1.047727273
1100.614035,0.881818182
1100.649123,1.027272727
1100.684211,0.943181818
1100.719298,0.588636364
1100.754386,0.575
1100.789474,0.672727273
1100.824561,0.761363636
1100.859649,0.877272727
1100.894737,0.961363636
1100.929825,1.109090909
1100.964912,0.822686688
1119,0.534090909
1119.035088,0.552272727
1119.070175,0.520454545
1119.105263,0.590909091
1119.140351,0.484090909
1119.175439,0.531818182
1119.210526,0.545454545
1119.245614,0.627272727
1119.280702,0.770454545
1119.315789,0.847727273
1119.350877,0.765909091
1119.385965,0.777272727
1119.421053,0.9
1119.45614,1.036363636
1119.491228,1.186363636
1119.526316,0.638636364
1119.561404,0.845454545
1119.596491,0.668181818
1119.631579,0.804545455
1119.666667,0.711363636
1119.701754,0.779545455
1119.736842,0.770454545
1119.77193,0.854545455
1119.807018,0.997727273
1119.842105,1.109090909
1119.877193,1.172727273
1119.912281,0.886363636
1119.947368,0.85
1119.982456,0.659090909
1120.017544,0.686363636
1120.052632,0.663636364
1120.087719,0.772727273
1120.122807,0.775
1120.157895,0.902272727
1120.192982,0.981818182
1120.22807,1.079545455
1120.263158,1.154545455
1120.298246,1.020454545
1120.333333,1.045454545
1120.368421,0.386363636
1120.403509,0.481818182
1120.438596,0.552272727
1120.473684,0.656818182
1120.508772,0.736363636
1120.54386,0.881818182
1120.578947,0.934090909
1120.614035,1.031818182
1120.649123,1.163636364
1120.684211,1.343181818
1120.719298,1.377272727
1120.754386,0.575
1120.789474,0.620454545
1120.824561,0.688636364
1120.859649,0.740909091
1120.894737,0.806818182
1120.929825,0.731818182
1120.964912,0.807305195
1139,0.731818182
1139.035088,0.756818182
1139.070175,0.609090909
1139.105263,0.659090909
1139.140351,0.745454545
1139.175439,0.747727273
1139.210526,0.911363636
1139.245614,1.059090909
1139.280702,0.55
1139.315789,0.584090909
1139.350877,0.709090909
1139.385965,0.856818182
1139.421053,1.011363636
1139.45614,0.797727273
1139.491228,0.718181818
1139.526316,0.640909091
1139.561404,0.759090909
1139.596491,0.875
1139.631579,1.013636364
1139.666667,1.027272727
1139.701754,1.234090909
1139.736842,1.252272727
1139.77193,0.609090909
1139.807018,0.604545455
1139.842105,0.675
1139.877193,0.756818182
1139.912281,0.904545455
1139.947368,0.954545455
1139.982456,0.977272727
1140.017544,1.163636364
1140.052632,1.322727273
1140.087719,1.411363636
1140.122807,1.377272727
1140.157895,1.509090909
1140.192982,1.661363636
1140.22807,0.575
1140.263158,0.663636364
1140.298246,0.770454545
1140.333333,0.829545455
1140.368421,0.913636364
1140.403509,0.965909091
1140.438596,1.068181818
1140.473684,1.211363636
1140.508772,1.195454545
1140.54386,0.829545455
1140.578947,0.75
1140.614035,0.652272727
1140.649123,0.725
1140.684211,0.820454545
1140.719298,0.877272727
1140.754386,1.029545455
1140.789474,0.929545455
1140.824561,0.997727273
1140.859649,1.170454545
1140.894737,1.238636364
1140.929825,1.181818182
1140.964912,0.920941558
1159,0.845454545
1159.035088,0.702272727
1159.070175,0.9
1159.105263,0.895454545
1159.140351,0.959090909
1159.175439,1.145454545
1159.210526,1.372727273
1159.245614,1.281818182
1159.280702,0.686363636
1159.315789,0.704545455
1159.350877,0.572727273
1159.385965,0.706818182
1159.421053,0.820454545
1159.45614,0.590909091
1159.491228,0.736363636
1159.526316,0.893181818
1159.561404,0.795454545
1159.596491,0.988636364
1159.631579,1.177272727
1159.666667,1.327272727
1159.701754,1.429545455
1159.736842,1.613636364
1159.77193,1.140909091
1159.807018,1.372727273
1159.842105,0.586363636
1159.877193,0.647727273
1159.912281,0.740909091
1159.947368,0.788636364
1159.982456,0.904545455
1160.017544,1.015909091
1160.052632,1.088636364
1160.087719,0.979545455
1160.122807,0.931818182
1160.157895,1.106818182
1160.192982,1.088636364
1160.22807,1.218181818
1160.263158,0.668181818
1160.298246,0.695454545
1160.333333,0.831818182
1160.368421,0.879545455
1160.403509,0.834090909
1160.438596,0.952272727
1160.473684,0.727272727
1160.508772,0.847727273
1160.54386,1.047727273
1160.578947,1.002272727
1160.614035,0.711363636
1160.649123,0.797727273
1160.684211,0.918181818
1160.719298,1.027272727
1160.754386,1.134090909
1160.789474,1.329545455
1160.824561,0.561363636
1160.859649,0.575
1160.894737,0.668181818
1160.929825,0.747727273
1160.964912,0.923457792
1179,0.720454545
1179.035088,0.868181818
1179.070175,0.995454545
1179.105263,1.165909091
1179.140351,1.345454545
1179.175439,1.534090909
1179.210526,1.695454545
1179.245614,0.777272727
1179.280702,0.654545455
1179.315789,0.815909091
1179.350877,0.706818182
1179.385965,0.772727273
1179.421053,0.854545455
1179.45614,0.9
1179.491228,1.027272727
1179.526316,1.136363636
1179.561404,0.565909091
1179.596491,0.631818182
1179.631579,0.797727273
1179.666667,0.959090909
1179.701754,0.884090909
1179.736842,0.765909091
1179.77193,0.965909091
1179.807018,0.793181818
1179.842105,0.859090909
1179.877193,0.813636364
1179.912281,0.670454545
1179.947368,0.809090909
1179.982456,0.768181818
1180.017544,0.861363636
1180.052632,0.9
1180.087719,1.027272727
1180.122807,1.1
1180.157895,1.179545455
1180.192982,1.059090909
1180.22807,0.85
1180.263158,0.663636364
1180.298246,0.809090909
1180.333333,0.595454545
1180.368421,0.670454545
1180.403509,0.7
1180.438596,0.775
1180.473684,0.684090909
1180.508772,0.8
1180.54386,0.902272727
1180.578947,0.972727273
1180.614035,1.147727273
1180.649123,1.268181818
1180.684211,1.393181818
1180.719298,0.727272727
1180.754386,0.681818182
1180.789474,0.547727273
1180.824561,0.593181818
1180.859649,0.665909091
1180.894737,0.706818182
1180.929825,0.740909091
1180.964912,0.879951299
