Test MM3,
Time (s),Flame Heights (m)
19,1.315822785
19.03571429,0.66835443
19.07142857,0.715822785
19.10714286,0.820253165
19.14285714,0.936075949
19.17857143,0.962658228
19.21428571,1.108860759
19.25,1.108860759
19.28571429,1.078481013
19.32142857,1.021518987
19.35714286,1.165822785
19.39285714,1.217088608
19.42857143,1.112658228
19.46428571,1.2
19.5,1.28164557
19.53571429,0.905696203
19.57142857,0.905696203
19.60714286,0.985443038
19.64285714,0.81835443
19.67857143,0.9
19.71428571,1.091772152
19.75,1.190506329
19.78571429,1.315822785
19.82142857,1.287341772
19.85714286,0.687341772
19.89285714,0.685443038
19.92857143,0.852531646
19.96428571,1.002531646
20,1.036708861
20.03571429,1.198101266
20.07142857,1.382278481
20.10714286,1.551265823
20.14285714,0.757594937
20.17857143,0.835443038
20.21428571,0.970253165
20.25,0.970253165
20.28571429,1.012025316
20.32142857,1.167721519
20.35714286,1.323417722
20.39285714,1.498101266
20.42857143,1.636708861
20.46428571,0.662658228
20.5,0.677848101
20.53571429,0.738607595
20.57142857,0.742405063
20.60714286,0.9
20.64285714,1.05
20.67857143,1.07278481
20.71428571,1.182911392
20.75,1.346202532
20.78571429,1.332911392
20.82142857,1.108860759
20.85714286,0.951265823
20.89285714,0.951265823
20.92857143,0.911392405
20.96428571,0.881012658
39,0.721518987
39.03571429,0.829746835
39.07142857,0.937974684
39.10714286,1.05
39.14285714,1.237974684
39.17857143,1.344303797
39.21428571,1.488607595
39.25,1.488607595
39.28571429,1.120253165
39.32142857,1.046202532
39.35714286,0.881012658
39.39285714,0.98164557
39.42857143,0.862025316
39.46428571,0.996835443
39.5,1.029113924
39.53571429,0.799367089
39.57142857,0.799367089
39.60714286,0.911392405
39.64285714,1.061392405
39.67857143,1.201898734
39.71428571,1.332911392
39.75,1.287341772
39.78571429,1.141139241
39.82142857,0.896202532
39.85714286,0.905696203
39.89285714,0.9
39.92857143,1.13164557
39.96428571,1.048101266
40,1.15443038
40.03571429,1.391772152
40.07142857,1.201898734
40.10714286,1.255063291
40.14285714,1.190506329
40.17857143,0.677848101
40.21428571,0.647468354
40.25,0.647468354
40.28571429,0.761392405
40.32142857,0.816455696
40.35714286,0.875316456
40.39285714,1.021518987
40.42857143,1.2
40.46428571,0.653164557
40.5,0.768987342
40.53571429,0.881012658
40.57142857,0.881012658
40.60714286,1.02721519
40.64285714,1.224683544
40.67857143,1.122151899
40.71428571,1.232278481
40.75,1.308227848
40.78571429,1.209493671
40.82142857,1.141139241
40.85714286,0.693037975
40.89285714,0.693037975
40.92857143,0.677848101
40.96428571,0.738607595
59,1.636708861
59.03571429,1.636708861
59.07142857,1.562658228
59.10714286,1.636708861
59.14285714,1.636708861
59.17857143,1.239873418
59.21428571,1.224683544
59.25,1.258860759
59.28571429,1.315822785
59.32142857,1.518987342
59.35714286,1.534177215
59.39285714,1.636708861
59.42857143,1.636708861
59.46428571,1.636708861
59.5,1.638607595
59.53571429,1.636708861
59.57142857,1.357594937
59.60714286,1.41835443
59.64285714,1.526582278
59.67857143,1.58164557
59.71428571,1.634810127
59.75,1.634810127
59.78571429,1.636708861
59.82142857,1.636708861
59.85714286,1.507594937
59.89285714,1.60443038
59.92857143,1.228481013
59.96428571,1.32721519
60,1.376582278
60.03571429,1.452531646
60.07142857,1.513291139
60.10714286,1.636708861
60.14285714,1.636708861
60.17857143,1.638607595
60.21428571,1.532278481
60.25,1.091772152
60.28571429,1.285443038
60.32142857,1.452531646
60.35714286,1.598734177
60.39285714,1.638607595
60.42857143,1.636708861
60.46428571,1.636708861
60.5,1.634810127
60.53571429,1.636708861
60.57142857,1.471518987
60.60714286,1.319620253
60.64285714,1.370886076
60.67857143,1.543670886
60.71428571,1.634810127
60.75,1.638607595
60.78571429,1.636708861
60.82142857,1.636708861
60.85714286,1.636708861
60.89285714,1.636708861
60.92857143,1.60443038
60.96428571,1.634810127
79,1.640506329
79.03571429,1.636708861
79.07142857,1.636708861
79.10714286,1.634810127
79.14285714,1.634810127
79.17857143,1.636708861
79.21428571,1.279746835
79.25,1.387974684
79.28571429,1.566455696
79.32142857,1.634810127
79.35714286,1.634810127
79.39285714,1.638607595
79.42857143,1.638607595
79.46428571,1.638607595
79.5,1.638607595
79.53571429,1.636708861
79.57142857,1.634810127
79.60714286,1.638607595
79.64285714,1.638607595
79.67857143,1.406962025
79.71428571,1.536075949
79.75,1.591139241
79.78571429,1.629113924
79.82142857,1.629113924
79.85714286,1.638607595
79.89285714,1.636708861
79.92857143,1.636708861
79.96428571,1.634810127
80,1.634810127
80.03571429,1.634810127
80.07142857,1.636708861
80.10714286,1.636708861
80.14285714,1.636708861
80.17857143,1.62721519
80.21428571,1.634810127
80.25,1.608227848
80.28571429,1.636708861
80.32142857,1.640506329
80.35714286,1.638607595
80.39285714,1.636708861
80.42857143,1.634810127
80.46428571,1.634810127
80.5,1.632911392
80.53571429,1.518987342
80.57142857,1.594936709
80.60714286,1.517088608
80.64285714,1.564556962
80.67857143,1.636708861
80.71428571,1.638607595
80.75,1.638607595
80.78571429,1.636708861
80.82142857,1.636708861
80.85714286,1.632911392
80.89285714,1.634810127
80.92857143,1.629113924
80.96428571,1.574050633
99,1.634810127
99.03571429,1.636708861
99.07142857,1.634810127
99.10714286,1.636708861
99.14285714,1.636708861
99.17857143,1.638607595
99.21428571,1.636708861
99.25,1.636708861
99.28571429,1.636708861
99.32142857,1.636708861
99.35714286,1.636708861
99.39285714,1.634810127
99.42857143,1.636708861
99.46428571,1.636708861
99.5,1.634810127
99.53571429,1.636708861
99.57142857,1.636708861
99.60714286,1.636708861
99.64285714,1.636708861
99.67857143,1.636708861
99.71428571,1.634810127
99.75,1.634810127
99.78571429,1.634810127
99.82142857,1.634810127
99.85714286,1.636708861
99.89285714,1.636708861
99.92857143,1.634810127
99.96428571,1.638607595
100,1.634810127
100.0357143,1.636708861
100.0714286,1.638607595
100.1071429,1.636708861
100.1428571,1.636708861
100.1785714,1.636708861
100.2142857,1.634810127
100.25,1.634810127
100.2857143,1.634810127
100.3214286,1.636708861
100.3571429,1.636708861
100.3928571,1.636708861
100.4285714,1.636708861
100.4642857,1.636708861
100.5,1.634810127
100.5357143,1.634810127
100.5714286,1.636708861
100.6071429,1.634810127
100.6428571,1.636708861
100.6785714,1.636708861
100.7142857,1.634810127
100.75,1.636708861
100.7857143,1.638607595
100.8214286,1.638607595
100.8571429,1.636708861
100.8928571,1.634810127
100.9285714,1.634810127
100.9642857,1.634810127
119,1.636708861
119.0357143,1.636708861
119.0714286,1.634810127
119.1071429,1.636708861
119.1428571,1.636708861
119.1785714,1.636708861
119.2142857,1.638607595
119.25,1.636708861
119.2857143,1.634810127
119.3214286,1.636708861
119.3571429,1.634810127
119.3928571,1.638607595
119.4285714,1.636708861
119.4642857,1.636708861
119.5,1.636708861
119.5357143,1.636708861
119.5714286,1.636708861
119.6071429,1.636708861
119.6428571,1.636708861
119.6785714,1.638607595
119.7142857,1.636708861
119.75,1.638607595
119.7857143,1.636708861
119.8214286,1.636708861
119.8571429,1.636708861
119.8928571,1.636708861
119.9285714,1.636708861
119.9642857,1.634810127
120,1.636708861
120.0357143,1.636708861
120.0714286,1.636708861
120.1071429,1.636708861
120.1428571,1.636708861
120.1785714,1.634810127
120.2142857,1.638607595
120.25,1.634810127
120.2857143,1.636708861
120.3214286,1.634810127
120.3571429,1.636708861
120.3928571,1.634810127
120.4285714,1.634810127
120.4642857,1.636708861
120.5,1.636708861
120.5357143,1.634810127
120.5714286,1.638607595
120.6071429,1.638607595
120.6428571,1.636708861
120.6785714,1.636708861
120.7142857,1.638607595
120.75,1.638607595
120.7857143,1.640506329
120.8214286,1.640506329
120.8571429,1.640506329
120.8928571,1.636708861
120.9285714,1.638607595
120.9642857,1.636708861
139,1.634810127
139.0357143,1.636708861
139.0714286,1.636708861
139.1071429,1.636708861
139.1428571,1.636708861
139.1785714,1.634810127
139.2142857,1.636708861
139.25,1.636708861
139.2857143,1.636708861
139.3214286,1.634810127
139.3571429,1.634810127
139.3928571,1.634810127
139.4285714,1.634810127
139.4642857,1.634810127
139.5,1.634810127
139.5357143,1.634810127
139.5714286,1.636708861
139.6071429,1.638607595
139.6428571,1.634810127
139.6785714,1.636708861
139.7142857,1.634810127
139.75,1.634810127
139.7857143,1.634810127
139.8214286,1.634810127
139.8571429,1.636708861
139.8928571,1.636708861
139.9285714,1.634810127
139.9642857,1.636708861
140,1.634810127
140.0357143,1.636708861
140.0714286,1.634810127
140.1071429,1.634810127
140.1428571,1.634810127
140.1785714,1.636708861
140.2142857,1.636708861
140.25,1.634810127
140.2857143,1.634810127
140.3214286,1.634810127
140.3571429,1.636708861
140.3928571,1.634810127
140.4285714,1.638607595
140.4642857,1.638607595
140.5,1.636708861
140.5357143,1.634810127
140.5714286,1.634810127
140.6071429,1.636708861
140.6428571,1.632911392
140.6785714,1.634810127
140.7142857,1.634810127
140.75,1.636708861
140.7857143,1.638607595
140.8214286,1.638607595
140.8571429,1.638607595
140.8928571,1.638607595
140.9285714,1.636708861
140.9642857,1.636708861
159,1.634810127
159.0357143,1.634810127
159.0714286,1.634810127
159.1071429,1.632911392
159.1428571,1.632911392
159.1785714,1.634810127
159.2142857,1.634810127
159.25,1.634810127
159.2857143,1.634810127
159.3214286,1.636708861
159.3571429,1.636708861
159.3928571,1.634810127
159.4285714,1.636708861
159.4642857,1.636708861
159.5,1.634810127
159.5357143,1.636708861
159.5714286,1.634810127
159.6071429,1.634810127
159.6428571,1.634810127
159.6785714,1.634810127
159.7142857,1.632911392
159.75,1.636708861
159.7857143,1.636708861
159.8214286,1.636708861
159.8571429,1.636708861
159.8928571,1.634810127
159.9285714,1.634810127
159.9642857,1.634810127
160,1.634810127
160.0357143,1.636708861
160.0714286,1.634810127
160.1071429,1.634810127
160.1428571,1.634810127
160.1785714,1.634810127
160.2142857,1.636708861
160.25,1.634810127
160.2857143,1.634810127
160.3214286,1.636708861
160.3571429,1.634810127
160.3928571,1.634810127
160.4285714,1.636708861
160.4642857,1.636708861
160.5,1.634810127
160.5357143,1.634810127
160.5714286,1.634810127
160.6071429,1.634810127
160.6428571,1.634810127
160.6785714,1.636708861
160.7142857,1.636708861
160.75,1.636708861
160.7857143,1.636708861
160.8214286,1.636708861
160.8571429,1.634810127
160.8928571,1.634810127
160.9285714,1.634810127
160.9642857,1.632911392
179,1.632911392
179.0357143,1.631012658
179.0714286,1.631012658
179.1071429,1.631012658
179.1428571,1.631012658
179.1785714,1.631012658
179.2142857,1.631012658
179.25,1.631012658
179.2857143,1.631012658
179.3214286,1.634810127
179.3571429,1.631012658
179.3928571,1.631012658
179.4285714,1.631012658
179.4642857,1.631012658
179.5,1.631012658
179.5357143,1.632911392
179.5714286,1.631012658
179.6071429,1.634810127
179.6428571,1.631012658
179.6785714,1.629113924
179.7142857,1.632911392
179.75,1.632911392
179.7857143,1.632911392
179.8214286,1.632911392
179.8571429,1.632911392
179.8928571,1.632911392
179.9285714,1.631012658
179.9642857,1.632911392
180,1.631012658
180.0357143,1.634810127
180.0714286,1.632911392
180.1071429,1.629113924
180.1428571,1.629113924
180.1785714,1.634810127
180.2142857,1.632911392
180.25,1.631012658
180.2857143,1.629113924
180.3214286,1.631012658
180.3571429,1.631012658
180.3928571,1.631012658
180.4285714,1.631012658
180.4642857,1.631012658
180.5,1.631012658
180.5357143,1.631012658
180.5714286,1.634810127
180.6071429,1.634810127
180.6428571,1.632911392
180.6785714,1.631012658
180.7142857,1.631012658
180.75,1.634810127
180.7857143,1.631012658
180.8214286,1.629113924
180.8571429,1.634810127
180.8928571,1.629113924
180.9285714,1.634810127
180.9642857,1.631012658
199,1.631012658
199.0357143,1.631012658
199.0714286,1.629113924
199.1071429,1.631012658
199.1428571,1.631012658
199.1785714,1.632911392
199.2142857,1.632911392
199.25,1.631012658
199.2857143,1.631012658
199.3214286,1.631012658
199.3571429,1.634810127
199.3928571,1.632911392
199.4285714,1.632911392
199.4642857,1.632911392
199.5,1.632911392
199.5357143,1.631012658
199.5714286,1.629113924
199.6071429,1.631012658
199.6428571,1.629113924
199.6785714,1.631012658
199.7142857,1.634810127
199.75,1.631012658
199.7857143,1.631012658
199.8214286,1.631012658
199.8571429,1.629113924
199.8928571,1.632911392
199.9285714,1.632911392
199.9642857,1.632911392
200,1.631012658
200.0357143,1.629113924
200.0714286,1.629113924
200.1071429,1.629113924
200.1428571,1.629113924
200.1785714,1.629113924
200.2142857,1.629113924
200.25,1.629113924
200.2857143,1.631012658
200.3214286,1.631012658
200.3571429,1.631012658
200.3928571,1.631012658
200.4285714,1.631012658
200.4642857,1.631012658
200.5,1.631012658
200.5357143,1.629113924
200.5714286,1.629113924
200.6071429,1.629113924
200.6428571,1.629113924
200.6785714,1.631012658
200.7142857,1.631012658
200.75,1.632911392
200.7857143,1.632911392
200.8214286,1.632911392
200.8571429,1.631012658
200.8928571,1.634810127
200.9285714,1.629113924
200.9642857,1.629113924
219,1.62721519
219.0357143,1.62721519
219.0714286,1.62721519
219.1071429,1.62721519
219.1428571,1.62721519
219.1785714,1.625316456
219.2142857,1.625316456
219.25,1.629113924
219.2857143,1.62721519
219.3214286,1.62721519
219.3571429,1.62721519
219.3928571,1.62721519
219.4285714,1.629113924
219.4642857,1.629113924
219.5,1.629113924
219.5357143,1.629113924
219.5714286,1.629113924
219.6071429,1.62721519
219.6428571,1.625316456
219.6785714,1.62721519
219.7142857,1.62721519
219.75,1.62721519
219.7857143,1.62721519
219.8214286,1.62721519
219.8571429,1.631012658
219.8928571,1.62721519
219.9285714,1.629113924
219.9642857,1.62721519
220,1.62721519
220.0357143,1.62721519
220.0714286,1.629113924
220.1071429,1.62721519
220.1428571,1.62721519
220.1785714,1.625316456
220.2142857,1.629113924
220.25,1.62721519
220.2857143,1.629113924
220.3214286,1.629113924
220.3571429,1.629113924
220.3928571,1.629113924
220.4285714,1.629113924
220.4642857,1.629113924
220.5,1.629113924
220.5357143,1.629113924
220.5714286,1.62721519
220.6071429,1.625316456
220.6428571,1.629113924
220.6785714,1.625316456
220.7142857,1.629113924
220.75,1.62721519
220.7857143,1.62721519
220.8214286,1.62721519
220.8571429,1.629113924
220.8928571,1.631012658
220.9285714,1.629113924
220.9642857,1.629113924
239,1.625316456
239.0357143,1.625316456
239.0714286,1.625316456
239.1071429,1.625316456
239.1428571,1.625316456
239.1785714,1.62721519
239.2142857,1.625316456
239.25,1.629113924
239.2857143,1.629113924
239.3214286,1.62721519
239.3571429,1.623417722
239.3928571,1.467721519
239.4285714,1.613924051
239.4642857,1.613924051
239.5,1.62721519
239.5357143,1.62721519
239.5714286,1.625316456
239.6071429,1.625316456
239.6428571,1.629113924
239.6785714,1.62721519
239.7142857,1.629113924
239.75,1.62721519
239.7857143,1.625316456
239.8214286,1.625316456
239.8571429,1.58164557
239.8928571,1.58164557
239.9285714,1.62721519
239.9642857,1.62721519
240,1.62721519
240.0357143,1.625316456
240.0714286,1.625316456
240.1071429,1.629113924
240.1428571,1.629113924
240.1785714,1.62721519
240.2142857,1.625316456
240.25,1.625316456
240.2857143,1.625316456
240.3214286,1.625316456
240.3571429,1.62721519
240.3928571,1.62721519
240.4285714,1.629113924
240.4642857,1.62721519
240.5,1.62721519
240.5357143,1.62721519
240.5714286,1.62721519
240.6071429,1.625316456
240.6428571,1.625316456
240.6785714,1.623417722
240.7142857,1.625316456
240.75,1.625316456
240.7857143,1.623417722
240.8214286,1.625316456
240.8571429,1.621518987
240.8928571,1.625316456
240.9285714,1.625316456
240.9642857,1.625316456
259,1.62721519
259.0357143,1.62721519
259.0714286,1.623417722
259.1071429,1.629113924
259.1428571,1.629113924
259.1785714,1.623417722
259.2142857,1.623417722
259.25,1.62721519
259.2857143,1.625316456
259.3214286,1.625316456
259.3571429,1.62721519
259.3928571,1.62721519
259.4285714,1.62721519
259.4642857,1.62721519
259.5,1.625316456
259.5357143,1.62721519
259.5714286,1.62721519
259.6071429,1.62721519
259.6428571,1.623417722
259.6785714,1.625316456
259.7142857,1.625316456
259.75,1.62721519
259.7857143,1.62721519
259.8214286,1.62721519
259.8571429,1.625316456
259.8928571,1.62721519
259.9285714,1.62721519
259.9642857,1.625316456
260,1.62721519
260.0357143,1.623417722
260.0714286,1.625316456
260.1071429,1.625316456
260.1428571,1.625316456
260.1785714,1.625316456
260.2142857,1.623417722
260.25,1.62721519
260.2857143,1.62721519
260.3214286,1.62721519
260.3571429,1.625316456
260.3928571,1.625316456
260.4285714,1.625316456
260.4642857,1.625316456
260.5,1.623417722
260.5357143,1.625316456
260.5714286,1.629113924
260.6071429,1.629113924
260.6428571,1.625316456
260.6785714,1.623417722
260.7142857,1.625316456
260.75,1.625316456
260.7857143,1.625316456
260.8214286,1.625316456
260.8571429,1.625316456
260.8928571,1.629113924
260.9285714,1.62721519
260.9642857,1.62721519
279,1.623417722
279.0357143,1.623417722
279.0714286,1.625316456
279.1071429,1.62721519
279.1428571,1.62721519
279.1785714,1.62721519
279.2142857,1.547468354
279.25,1.471518987
279.2857143,1.619620253
279.3214286,1.625316456
279.3571429,1.623417722
279.3928571,1.625316456
279.4285714,1.625316456
279.4642857,1.625316456
279.5,1.625316456
279.5357143,1.625316456
279.5714286,1.566455696
279.6071429,1.623417722
279.6428571,1.623417722
279.6785714,1.492405063
279.7142857,1.621518987
279.75,1.625316456
279.7857143,1.623417722
279.8214286,1.623417722
279.8571429,1.625316456
279.8928571,1.623417722
279.9285714,1.621518987
279.9642857,1.625316456
280,1.625316456
280.0357143,1.623417722
280.0714286,1.625316456
280.1071429,1.589240506
280.1428571,1.52278481
280.1785714,1.623417722
280.2142857,1.625316456
280.25,1.625316456
280.2857143,1.625316456
280.3214286,1.625316456
280.3571429,1.623417722
280.3928571,1.623417722
280.4285714,1.623417722
280.4642857,1.623417722
280.5,1.623417722
280.5357143,1.623417722
280.5714286,1.623417722
280.6071429,1.623417722
280.6428571,1.623417722
280.6785714,1.623417722
280.7142857,1.625316456
280.75,1.623417722
280.7857143,1.621518987
280.8214286,1.621518987
280.8571429,1.625316456
280.8928571,1.625316456
280.9285714,1.623417722
280.9642857,1.62721519
299,1.621518987
299.0357143,1.621518987
299.0714286,1.623417722
299.1071429,1.623417722
299.1428571,1.623417722
299.1785714,1.621518987
299.2142857,1.619620253
299.25,1.621518987
299.2857143,1.619620253
299.3214286,1.619620253
299.3571429,1.619620253
299.3928571,1.619620253
299.4285714,1.621518987
299.4642857,1.621518987
299.5,1.619620253
299.5357143,1.619620253
299.5714286,1.623417722
299.6071429,1.621518987
299.6428571,1.617721519
299.6785714,1.623417722
299.7142857,1.619620253
299.75,1.623417722
299.7857143,1.619620253
299.8214286,1.619620253
299.8571429,1.621518987
299.8928571,1.612025316
299.9285714,1.625316456
299.9642857,1.623417722
300,1.621518987
300.0357143,1.619620253
300.0714286,1.621518987
300.1071429,1.619620253
300.1428571,1.619620253
300.1785714,1.621518987
300.2142857,1.621518987
300.25,1.619620253
300.2857143,1.589240506
300.3214286,1.623417722
300.3571429,1.623417722
300.3928571,1.619620253
300.4285714,1.619620253
300.4642857,1.619620253
300.5,1.621518987
300.5357143,1.623417722
300.5714286,1.623417722
300.6071429,1.621518987
300.6428571,1.621518987
300.6785714,1.619620253
300.7142857,1.619620253
300.75,1.621518987
300.7857143,1.621518987
300.8214286,1.621518987
300.8571429,1.619620253
300.8928571,1.621518987
300.9285714,1.623417722
300.9642857,1.621518987
319,1.621518987
319.0357143,1.621518987
319.0714286,1.621518987
319.1071429,1.619620253
319.1428571,1.619620253
319.1785714,1.619620253
319.2142857,1.619620253
319.25,1.619620253
319.2857143,1.625316456
319.3214286,1.621518987
319.3571429,1.621518987
319.3928571,1.621518987
319.4285714,1.621518987
319.4642857,1.621518987
319.5,1.619620253
319.5357143,1.619620253
319.5714286,1.60443038
319.6071429,1.520886076
319.6428571,1.619620253
319.6785714,1.619620253
319.7142857,1.621518987
319.75,1.623417722
319.7857143,1.621518987
319.8214286,1.621518987
319.8571429,1.621518987
319.8928571,1.619620253
319.9285714,1.621518987
319.9642857,1.621518987
320,1.598734177
320.0357143,1.619620253
320.0714286,1.452531646
320.1071429,1.619620253
320.1428571,1.619620253
320.1785714,1.619620253
320.2142857,1.623417722
320.25,1.625316456
320.2857143,1.621518987
320.3214286,1.621518987
320.3571429,1.621518987
320.3928571,1.619620253
320.4285714,1.619620253
320.4642857,1.619620253
320.5,1.619620253
320.5357143,1.619620253
320.5714286,1.608227848
320.6071429,1.619620253
320.6428571,1.621518987
320.6785714,1.621518987
320.7142857,1.621518987
320.75,1.625316456
320.7857143,1.623417722
320.8214286,1.623417722
320.8571429,1.621518987
320.8928571,1.619620253
320.9285714,1.621518987
320.9642857,1.619620253
339,1.621518987
339.0357143,1.615822785
339.0714286,1.621518987
339.1071429,1.503797468
339.1428571,1.503797468
339.1785714,1.619620253
339.2142857,1.619620253
339.25,1.619620253
339.2857143,1.621518987
339.3214286,1.621518987
339.3571429,1.619620253
339.3928571,1.619620253
339.4285714,1.619620253
339.4642857,1.619620253
339.5,1.619620253
339.5357143,1.619620253
339.5714286,1.619620253
339.6071429,1.619620253
339.6428571,1.619620253
339.6785714,1.615822785
339.7142857,1.621518987
339.75,1.596835443
339.7857143,1.619620253
339.8214286,1.619620253
339.8571429,1.619620253
339.8928571,1.621518987
339.9285714,1.619620253
339.9642857,1.621518987
340,1.621518987
340.0357143,1.589240506
340.0714286,1.589240506
340.1071429,1.621518987
340.1428571,1.621518987
340.1785714,1.574050633
340.2142857,1.579746835
340.25,1.621518987
340.2857143,1.623417722
340.3214286,1.621518987
340.3571429,1.621518987
340.3928571,1.619620253
340.4285714,1.621518987
340.4642857,1.621518987
340.5,1.619620253
340.5357143,1.621518987
340.5714286,1.619620253
340.6071429,1.623417722
340.6428571,1.619620253
340.6785714,1.623417722
340.7142857,1.621518987
340.75,1.619620253
340.7857143,1.619620253
340.8214286,1.619620253
340.8571429,1.619620253
340.8928571,1.621518987
340.9285714,1.617721519
340.9642857,1.585443038
359,1.615822785
359.0357143,1.528481013
359.0714286,1.528481013
359.1071429,1.615822785
359.1428571,1.528481013
359.1785714,1.617721519
359.2142857,1.621518987
359.25,1.619620253
359.2857143,1.619620253
359.3214286,1.617721519
359.3571429,1.615822785
359.3928571,1.615822785
359.4285714,1.528481013
359.4642857,1.532278481
359.5,1.300632911
359.5357143,1.401265823
359.5714286,1.566455696
359.6071429,1.615822785
359.6428571,1.621518987
359.6785714,1.619620253
359.7142857,1.619620253
359.75,1.615822785
359.7857143,1.615822785
359.8214286,1.60443038
359.8571429,1.619620253
359.8928571,1.494303797
359.9285714,1.615822785
359.9642857,1.427848101
360,1.452531646
360.0357143,1.549367089
360.0714286,1.549367089
360.1071429,1.621518987
360.1428571,1.617721519
360.1785714,1.619620253
360.2142857,1.621518987
360.25,1.617721519
360.2857143,1.619620253
360.3214286,1.60443038
360.3571429,1.615822785
360.3928571,1.615822785
360.4285714,1.619620253
360.4642857,1.615822785
360.5,1.528481013
360.5357143,1.615822785
360.5714286,1.393670886
360.6071429,1.621518987
360.6428571,1.619620253
360.6785714,1.617721519
360.7142857,1.617721519
360.75,1.619620253
360.7857143,1.621518987
360.8214286,1.619620253
360.8571429,1.619620253
360.8928571,1.558860759
360.9285714,1.608227848
360.9642857,1.425949367
379,1.619620253
379.0357143,1.619620253
379.0714286,1.619620253
379.1071429,1.619620253
379.1428571,1.619620253
379.1785714,1.520886076
379.2142857,1.509493671
379.25,1.610126582
379.2857143,1.226582278
379.3214286,1.446835443
379.3571429,1.513291139
379.3928571,1.513291139
379.4285714,1.513291139
379.4642857,1.45443038
379.5,1.615822785
379.5357143,1.575949367
379.5714286,1.583544304
379.6071429,1.593037975
379.6428571,1.619620253
379.6785714,1.613924051
379.7142857,1.613924051
379.75,1.617721519
379.7857143,1.564556962
379.8214286,1.528481013
379.8571429,1.615822785
379.8928571,1.613924051
379.9285714,1.619620253
379.9642857,1.520886076
380,1.549367089
380.0357143,1.5
380.0714286,1.5
380.1071429,1.615822785
380.1428571,1.619620253
380.1785714,1.613924051
380.2142857,1.471518987
380.25,1.619620253
380.2857143,1.608227848
380.3214286,1.619620253
380.3571429,1.619620253
380.3928571,1.619620253
380.4285714,1.619620253
380.4642857,1.617721519
380.5,1.619620253
380.5357143,1.566455696
380.5714286,1.547468354
380.6071429,1.615822785
380.6428571,1.562658228
380.6785714,1.619620253
380.7142857,1.619620253
380.75,1.619620253
380.7857143,1.619620253
380.8214286,1.619620253
380.8571429,1.619620253
380.8928571,1.617721519
380.9285714,1.617721519
380.9642857,1.285443038
399,1.617721519
399.0357143,1.619620253
399.0714286,1.619620253
399.1071429,1.613924051
399.1428571,1.615822785
399.1785714,1.615822785
399.2142857,1.613924051
399.25,1.615822785
399.2857143,1.615822785
399.3214286,1.615822785
399.3571429,1.615822785
399.3928571,1.615822785
399.4285714,1.617721519
399.4642857,1.615822785
399.5,1.612025316
399.5357143,1.613924051
399.5714286,1.619620253
399.6071429,1.615822785
399.6428571,1.613924051
399.6785714,1.331012658
399.7142857,1.331012658
399.75,1.615822785
399.7857143,1.492405063
399.8214286,1.613924051
399.8571429,1.615822785
399.8928571,1.617721519
399.9285714,1.619620253
399.9642857,1.619620253
400,1.532278481
400.0357143,1.412658228
400.0714286,1.412658228
400.1071429,1.43164557
400.1428571,1.391772152
400.1785714,1.558860759
400.2142857,1.551265823
400.25,1.619620253
400.2857143,1.617721519
400.3214286,1.615822785
400.3571429,1.613924051
400.3928571,1.615822785
400.4285714,1.613924051
400.4642857,1.613924051
400.5,1.579746835
400.5357143,1.429746835
400.5714286,1.574050633
400.6071429,1.617721519
400.6428571,1.613924051
400.6785714,1.615822785
400.7142857,1.615822785
400.75,1.619620253
400.7857143,1.615822785
400.8214286,1.619620253
400.8571429,1.619620253
400.8928571,1.450632911
400.9285714,1.406962025
400.9642857,1.414556962
419,1.615822785
419.0357143,1.613924051
419.0714286,1.613924051
419.1071429,1.619620253
419.1428571,1.619620253
419.1785714,1.617721519
419.2142857,1.613924051
419.25,1.615822785
419.2857143,1.612025316
419.3214286,1.562658228
419.3571429,1.494303797
419.3928571,1.492405063
419.4285714,1.615822785
419.4642857,1.619620253
419.5,1.615822785
419.5357143,1.617721519
419.5714286,1.617721519
419.6071429,1.615822785
419.6428571,1.613924051
419.6785714,1.615822785
419.7142857,1.615822785
419.75,1.613924051
419.7857143,1.613924051
419.8214286,1.612025316
419.8571429,1.613924051
419.8928571,1.564556962
419.9285714,1.613924051
419.9642857,1.513291139
420,1.619620253
420.0357143,1.619620253
420.0714286,1.619620253
420.1071429,1.619620253
420.1428571,1.617721519
420.1785714,1.613924051
420.2142857,1.615822785
420.25,1.498101266
420.2857143,1.536075949
420.3214286,1.274050633
420.3571429,1.361392405
420.3928571,1.361392405
420.4285714,1.505696203
420.4642857,1.606329114
420.5,1.619620253
420.5357143,1.619620253
420.5714286,1.619620253
420.6071429,1.615822785
420.6428571,1.615822785
420.6785714,1.615822785
420.7142857,1.615822785
420.75,1.613924051
420.7857143,1.412658228
420.8214286,1.613924051
420.8571429,1.615822785
420.8928571,1.613924051
420.9285714,1.370886076
420.9642857,1.446835443
439,1.515189873
439.0357143,1.612025316
439.0714286,1.612025316
439.1071429,1.613924051
439.1428571,1.458227848
439.1785714,1.613924051
439.2142857,1.615822785
439.25,1.617721519
439.2857143,1.615822785
439.3214286,1.610126582
439.3571429,1.612025316
439.3928571,1.612025316
439.4285714,1.612025316
439.4642857,1.613924051
439.5,1.574050633
439.5357143,1.513291139
439.5714286,1.613924051
439.6071429,1.596835443
439.6428571,1.612025316
439.6785714,1.361392405
439.7142857,1.361392405
439.75,1.384177215
439.7857143,1.498101266
439.8214286,1.443037975
439.8571429,1.610126582
439.8928571,1.574050633
439.9285714,1.528481013
439.9642857,1.612025316
440,1.608227848
440.0357143,1.532278481
440.0714286,1.532278481
440.1071429,1.619620253
440.1428571,1.612025316
440.1785714,1.613924051
440.2142857,1.615822785
440.25,1.574050633
440.2857143,1.560759494
440.3214286,1.422151899
440.3571429,1.60443038
440.3928571,1.60443038
440.4285714,1.589240506
440.4642857,1.612025316
440.5,1.612025316
440.5357143,1.613924051
440.5714286,1.612025316
440.6071429,1.613924051
440.6428571,1.553164557
440.6785714,1.615822785
440.7142857,1.615822785
440.75,1.615822785
440.7857143,1.541772152
440.8214286,1.543670886
440.8571429,1.560759494
440.8928571,1.473417722
440.9285714,1.505696203
440.9642857,1.593037975
459,1.429746835
459.0357143,1.513291139
459.0714286,1.511392405
459.1071429,1.615822785
459.1428571,1.613924051
459.1785714,1.613924051
459.2142857,1.612025316
459.25,1.505696203
459.2857143,1.484810127
459.3214286,1.574050633
459.3571429,1.574050633
459.3928571,1.572151899
459.4285714,1.613924051
459.4642857,1.612025316
459.5,1.615822785
459.5357143,1.615822785
459.5714286,1.615822785
459.6071429,1.613924051
459.6428571,1.613924051
459.6785714,1.610126582
459.7142857,1.610126582
459.75,1.530379747
459.7857143,1.482911392
459.8214286,1.401265823
459.8571429,1.501898734
459.8928571,1.613924051
459.9285714,1.613924051
459.9642857,1.613924051
460,1.613924051
460.0357143,1.593037975
460.0714286,1.593037975
460.1071429,1.458227848
460.1428571,1.382278481
460.1785714,1.391772152
460.2142857,1.558860759
460.25,1.300632911
460.2857143,1.24556962
460.3214286,1.35
460.3571429,1.549367089
460.3928571,1.549367089
460.4285714,1.615822785
460.4642857,1.615822785
460.5,1.612025316
460.5357143,1.613924051
460.5714286,1.613924051
460.6071429,1.513291139
460.6428571,1.486708861
460.6785714,1.494303797
460.7142857,1.494303797
460.75,1.184810127
460.7857143,1.399367089
460.8214286,1.427848101
460.8571429,1.503797468
460.8928571,1.482911392
460.9285714,1.482911392
460.9642857,1.558860759
479,1.135443038
479.0357143,1.346202532
479.0714286,1.346202532
479.1071429,1.547468354
479.1428571,1.515189873
479.1785714,1.613924051
479.2142857,1.610126582
479.25,1.612025316
479.2857143,1.610126582
479.3214286,1.613924051
479.3571429,1.610126582
479.3928571,1.610126582
479.4285714,1.58164557
479.4642857,1.458227848
479.5,1.148734177
479.5357143,1.059493671
479.5714286,1.224683544
479.6071429,1.232278481
479.6428571,1.315822785
479.6785714,1.498101266
479.7142857,1.498101266
479.75,1.543670886
479.7857143,1.07278481
479.8214286,1.285443038
479.8571429,1.467721519
479.8928571,1.399367089
479.9285714,1.032911392
479.9642857,1.47721519
480,1.255063291
480.0357143,1.460126582
480.0714286,1.460126582
480.1071429,1.596835443
480.1428571,1.608227848
480.1785714,1.547468354
480.2142857,1.613924051
480.25,1.610126582
480.2857143,1.338607595
480.3214286,1.376582278
480.3571429,1.613924051
480.3928571,1.613924051
480.4285714,1.492405063
480.4642857,1.473417722
480.5,1.594936709
480.5357143,1.256962025
480.5714286,1.429746835
480.6071429,1.612025316
480.6428571,1.612025316
480.6785714,1.612025316
480.7142857,1.612025316
480.75,1.610126582
480.7857143,1.610126582
480.8214286,1.490506329
480.8571429,1.397468354
480.8928571,1.353797468
480.9285714,1.482911392
480.9642857,1.610126582
499,1.424050633
499.0357143,1.610126582
499.0714286,1.610126582
499.1071429,1.612025316
499.1428571,1.482911392
499.1785714,1.612025316
499.2142857,1.562658228
499.25,1.093670886
499.2857143,1.315822785
499.3214286,1.425949367
499.3571429,1.606329114
499.3928571,1.606329114
499.4285714,1.39556962
499.4642857,1.17721519
499.5,1.458227848
499.5357143,1.312025316
499.5714286,1.266455696
499.6071429,1.437341772
499.6428571,1.610126582
499.6785714,1.433544304
499.7142857,1.433544304
499.75,1.467721519
499.7857143,1.198101266
499.8214286,1.310126582
499.8571429,1.312025316
499.8928571,1.414556962
499.9285714,1.361392405
499.9642857,1.513291139
500,1.608227848
500.0357143,1.610126582
500.0714286,1.610126582
500.1071429,1.610126582
500.1428571,1.534177215
500.1785714,1.615822785
500.2142857,1.594936709
500.25,0.844936709
500.2857143,1.087974684
500.3214286,1.194303797
500.3571429,1.410759494
500.3928571,1.410759494
500.4285714,1.608227848
500.4642857,1.608227848
500.5,1.560759494
500.5357143,1.612025316
500.5714286,1.612025316
500.6071429,1.564556962
500.6428571,1.610126582
500.6785714,1.287341772
500.7142857,1.287341772
500.75,1.397468354
500.7857143,1.437341772
500.8214286,1.505696203
500.8571429,1.610126582
500.8928571,1.612025316
500.9285714,1.589240506
500.9642857,1.610126582
519,1.467721519
519.0357143,1.613924051
519.0714286,1.613924051
519.1071429,1.28164557
519.1428571,1.486708861
519.1785714,1.441139241
519.2142857,1.467721519
519.25,1.272151899
519.2857143,1.437341772
519.3214286,1.608227848
519.3571429,1.558860759
519.3928571,1.558860759
519.4285714,1.612025316
519.4642857,1.437341772
519.5,1.615822785
519.5357143,1.608227848
519.5714286,1.467721519
519.6071429,1.534177215
519.6428571,1.171518987
519.6785714,1.353797468
519.7142857,1.353797468
519.75,1.467721519
519.7857143,1.45443038
519.8214286,1.437341772
519.8571429,1.346202532
519.8928571,1.58164557
519.9285714,1.547468354
519.9642857,1.391772152
520,1.555063291
520.0357143,1.589240506
520.0714286,1.589240506
520.1071429,1.610126582
520.1428571,0.882911392
520.1785714,0.848734177
520.2142857,1.000632911
520.25,1.023417722
520.2857143,1.078481013
520.3214286,1.179113924
520.3571429,1.382278481
520.3928571,1.382278481
520.4285714,1.414556962
520.4642857,1.513291139
520.5,0.913291139
520.5357143,1.087974684
520.5714286,1.270253165
520.6071429,1.537974684
520.6428571,1.570253165
520.6785714,1.334810127
520.7142857,1.334810127
520.75,1.169620253
520.7857143,1.266455696
520.8214286,1.425949367
520.8571429,1.410759494
520.8928571,1.610126582
520.9285714,1.608227848
520.9642857,1.612025316
539,1.613924051
539.0357143,1.02721519
539.0714286,1.025316456
539.1071429,1.239873418
539.1428571,1.237974684
539.1785714,1.194303797
539.2142857,1.141139241
539.25,0.803164557
539.2857143,0.951265823
539.3214286,1.103164557
539.3571429,1.342405063
539.3928571,1.342405063
539.4285714,1.587341772
539.4642857,1.613924051
539.5,1.612025316
539.5357143,1.610126582
539.5714286,1.076582278
539.6071429,1.325316456
539.6428571,1.579746835
539.6785714,1.467721519
539.7142857,1.467721519
539.75,1.422151899
539.7857143,1.012025316
539.8214286,1.194303797
539.8571429,1.422151899
539.8928571,1.612025316
539.9285714,1.612025316
539.9642857,1.610126582
540,1.443037975
540.0357143,1.198101266
540.0714286,1.198101266
540.1071429,1.384177215
540.1428571,1.574050633
540.1785714,1.518987342
540.2142857,1.608227848
540.25,1.610126582
540.2857143,1.473417722
540.3214286,1.032911392
540.3571429,1.080379747
540.3928571,1.080379747
540.4285714,1.224683544
540.4642857,1.300632911
540.5,1.414556962
540.5357143,1.467721519
540.5714286,0.956962025
540.6071429,0.936075949
540.6428571,1.07278481
540.6785714,1.315822785
540.7142857,1.315822785
540.75,1.224683544
540.7857143,1.232278481
540.8214286,1.437341772
540.8571429,1.441139241
540.8928571,1.444936709
540.9285714,1.612025316
540.9642857,1.52278481
559,1.150632911
559.0357143,1.139240506
559.0714286,1.139240506
559.1071429,1.051898734
559.1428571,1.036708861
559.1785714,1.224683544
559.2142857,1.501898734
559.25,1.312025316
559.2857143,1.443037975
559.3214286,1.137341772
559.3571429,1.338607595
559.3928571,1.340506329
559.4285714,1.498101266
559.4642857,1.355696203
559.5,1.482911392
559.5357143,1.042405063
559.5714286,1.213291139
559.6071429,1.437341772
559.6428571,1.606329114
559.6785714,1.389873418
559.7142857,1.389873418
559.75,1.612025316
559.7857143,1.606329114
559.8214286,1.124050633
559.8571429,1.378481013
559.8928571,1.308227848
559.9285714,1.410759494
559.9642857,1.543670886
560,1.608227848
560.0357143,1.591139241
560.0714286,1.591139241
560.1071429,1.308227848
560.1428571,1.608227848
560.1785714,1.217088608
560.2142857,1.45443038
560.25,1.612025316
560.2857143,1.574050633
560.3214286,1.608227848
560.3571429,1.524683544
560.3928571,1.524683544
560.4285714,1.460126582
560.4642857,1.610126582
560.5,1.361392405
560.5357143,1.608227848
560.5714286,1.608227848
560.6071429,1.608227848
560.6428571,1.589240506
560.6785714,1.517088608
560.7142857,1.517088608
560.75,1.262658228
560.7857143,1.336708861
560.8214286,1.084177215
560.8571429,1.224683544
560.8928571,0.820253165
560.9285714,0.960759494
560.9642857,1.09556962
579,1.496202532
579.0357143,1.612025316
579.0714286,1.612025316
579.1071429,1.612025316
579.1428571,1.610126582
579.1785714,1.439240506
579.2142857,1.47721519
579.25,1.444936709
579.2857143,1.610126582
579.3214286,1.247468354
579.3571429,0.801265823
579.3928571,0.801265823
579.4285714,0.953164557
579.4642857,1.11835443
579.5,1.346202532
579.5357143,1.574050633
579.5714286,1.612025316
579.6071429,1.608227848
579.6428571,0.9
579.6785714,1.127848101
579.7142857,1.127848101
579.75,1.063291139
579.7857143,1.256962025
579.8214286,1.456329114
579.8571429,1.272151899
579.8928571,1.498101266
579.9285714,1.386075949
579.9642857,1.596835443
580,1.615822785
580.0357143,1.610126582
580.0714286,1.610126582
580.1071429,1.608227848
580.1428571,0.898101266
580.1785714,0.98164557
580.2142857,0.892405063
580.25,1.09556962
580.2857143,1.032911392
580.3214286,1.169620253
580.3571429,1.353797468
580.3928571,1.353797468
580.4285714,1.564556962
580.4642857,1.498101266
580.5,1.00443038
580.5357143,1.228481013
580.5714286,1.387974684
580.6071429,1.43164557
580.6428571,1.612025316
580.6785714,1.255063291
580.7142857,1.255063291
580.75,1.549367089
580.7857143,1.171518987
580.8214286,1.380379747
580.8571429,1.315822785
580.8928571,1.462025316
580.9285714,1.608227848
580.9642857,1.406962025
599,0.934177215
599.0357143,1.034810127
599.0714286,1.034810127
599.1071429,1.272151899
599.1428571,1.034810127
599.1785714,1.139240506
599.2142857,1.093670886
599.25,1.274050633
599.2857143,1.547468354
599.3214286,1.203797468
599.3571429,1.437341772
599.3928571,1.437341772
599.4285714,1.558860759
599.4642857,1.608227848
599.5,1.112658228
599.5357143,1.30443038
599.5714286,1.460126582
599.6071429,1.5
599.6428571,1.289240506
599.6785714,1.412658228
599.7142857,1.412658228
599.75,1.503797468
599.7857143,1.52278481
599.8214286,1.612025316
599.8571429,1.589240506
599.8928571,1.391772152
599.9285714,1.513291139
599.9642857,1.124050633
600,1.243670886
600.0357143,1.251265823
600.0714286,1.251265823
600.1071429,1.387974684
600.1428571,1.532278481
600.1785714,1.553164557
600.2142857,1.577848101
600.25,1.608227848
600.2857143,1.606329114
600.3214286,1.063291139
600.3571429,1.228481013
600.3928571,1.228481013
600.4285714,1.387974684
600.4642857,0.799367089
600.5,0.987341772
600.5357143,1.182911392
600.5714286,1.420253165
600.6071429,1.35
600.6428571,1.452531646
600.6785714,1.608227848
600.7142857,1.608227848
600.75,1.612025316
600.7857143,1.444936709
600.8214286,1.537974684
600.8571429,1.270253165
600.8928571,0.844936709
600.9285714,0.966455696
600.9642857,1.11835443
619,1.11835443
619.0357143,1.346202532
619.0714286,1.346202532
619.1071429,1.509493671
619.1428571,1.471518987
619.1785714,1.524683544
619.2142857,1.612025316
619.25,1.374683544
619.2857143,1.482911392
619.3214286,1.258860759
619.3571429,0.928481013
619.3928571,0.926582278
619.4285714,1.087974684
619.4642857,1.275949367
619.5,1.243670886
619.5357143,1.09556962
619.5714286,1.255063291
619.6071429,1.28164557
619.6428571,1.28164557
619.6785714,0.757594937
619.7142857,0.757594937
619.75,0.915189873
619.7857143,1.002531646
619.8214286,1.141139241
619.8571429,1.270253165
619.8928571,1.517088608
619.9285714,1.606329114
619.9642857,1.367088608
620,1.376582278
620.0357143,1.306329114
620.0714286,1.306329114
620.1071429,0.924683544
620.1428571,0.960759494
620.1785714,1.391772152
620.2142857,1.391772152
620.25,1.391772152
620.2857143,1.391772152
620.3214286,1.391772152
620.3571429,1.389873418
620.3928571,1.389873418
620.4285714,1.391772152
620.4642857,1.488607595
620.5,1.507594937
620.5357143,1.5
620.5714286,1.2
620.6071429,1.479113924
620.6428571,1.534177215
620.6785714,1.365189873
620.7142857,1.365189873
620.75,1.406962025
620.7857143,1.387974684
620.8214286,1.351898734
620.8571429,1.579746835
620.8928571,1.387974684
620.9285714,0.860126582
620.9642857,0.829746835
639,0.920886076
639.0357143,1.063291139
639.0714286,1.063291139
639.1071429,1.300632911
639.1428571,1.331012658
639.1785714,1.13164557
639.2142857,1.384177215
639.25,1.549367089
639.2857143,1.255063291
639.3214286,1.127848101
639.3571429,1.279746835
639.3928571,1.279746835
639.4285714,1.300632911
639.4642857,1.232278481
639.5,1.534177215
639.5357143,1.169620253
639.5714286,1.012025316
639.6071429,0.850632911
639.6428571,0.96835443
639.6785714,1.239873418
639.7142857,1.239873418
639.75,1.441139241
639.7857143,1.416455696
639.8214286,1.380379747
639.8571429,1.518987342
639.8928571,1.532278481
639.9285714,1.505696203
639.9642857,1.171518987
640,1.082278481
640.0357143,1.291139241
640.0714286,1.293037975
640.1071429,1.469620253
640.1428571,1.122151899
640.1785714,1.277848101
640.2142857,1.488607595
640.25,1.606329114
640.2857143,1.608227848
640.3214286,1.285443038
640.3571429,0.996835443
640.3928571,0.996835443
640.4285714,1.006329114
640.4642857,1.213291139
640.5,1.289240506
640.5357143,1.042405063
640.5714286,1.262658228
640.6071429,1.224683544
640.6428571,1.471518987
640.6785714,1.139240506
640.7142857,1.139240506
640.75,1.074683544
640.7857143,1.002531646
640.8214286,1.285443038
640.8571429,1.537974684
640.8928571,1.331012658
640.9285714,1.285443038
640.9642857,1.306329114
659,1.543670886
659.0357143,1.610126582
659.0714286,1.528481013
659.1071429,1.60443038
659.1428571,1.325316456
659.1785714,0.989240506
659.2142857,1.148734177
659.25,1.274050633
659.2857143,1.486708861
659.3214286,1.486708861
659.3571429,1.224683544
659.3928571,1.260759494
659.4285714,1.517088608
659.4642857,1.585443038
659.5,1.558860759
659.5357143,1.467721519
659.5714286,1.471518987
659.6071429,1.518987342
659.6428571,1.518987342
659.6785714,1.406962025
659.7142857,0.820253165
659.75,0.951265823
659.7857143,1.156329114
659.8214286,1.294936709
659.8571429,1.467721519
659.8928571,1.558860759
659.9285714,1.574050633
659.9642857,1.558860759
660,1.558860759
660.0357143,1.228481013
660.0714286,0.83164557
660.1071429,0.964556962
660.1428571,1.09556962
660.1785714,0.881012658
660.2142857,1.012025316
660.25,1.163924051
660.2857143,1.02721519
660.3214286,1.02721519
660.3571429,0.951265823
660.3928571,1.15443038
660.4285714,1.355696203
660.4642857,1.424050633
660.5,1.230379747
660.5357143,0.723417722
660.5714286,0.810759494
660.6071429,0.987341772
660.6428571,0.987341772
660.6785714,1.148734177
660.7142857,1.148734177
660.75,1.306329114
660.7857143,1.331012658
660.8214286,1.074683544
660.8571429,1.234177215
660.8928571,1.422151899
660.9285714,1.167721519
660.9642857,0.903797468
679,1.07278481
679.0357143,1.184810127
679.0714286,1.39556962
679.1071429,1.232278481
679.1428571,1.361392405
679.1785714,1.351898734
679.2142857,1.441139241
679.25,1.608227848
679.2857143,1.518987342
679.3214286,1.503797468
679.3571429,1.255063291
679.3928571,0.892405063
679.4285714,0.894303797
679.4642857,1.07278481
679.5,1.084177215
679.5357143,1.055696203
679.5714286,1.224683544
679.6071429,1.422151899
679.6428571,1.422151899
679.6785714,1.439240506
679.7142857,1.60443038
679.75,1.503797468
679.7857143,1.291139241
679.8214286,1.133544304
679.8571429,1.293037975
679.8928571,1.120253165
679.9285714,1.287341772
679.9642857,1.382278481
680,1.382278481
680.0357143,0.943670886
680.0714286,1.124050633
680.1071429,1.169620253
680.1428571,1.365189873
680.1785714,1.443037975
680.2142857,1.264556962
680.25,1.479113924
680.2857143,1.498101266
680.3214286,1.498101266
680.3571429,1.612025316
680.3928571,1.577848101
680.4285714,1.353797468
680.4642857,1.110759494
680.5,1.232278481
680.5357143,1.247468354
680.5714286,1.380379747
680.6071429,1.429746835
680.6428571,1.429746835
680.6785714,1.446835443
680.7142857,1.148734177
680.75,1.201898734
680.7857143,1.391772152
680.8214286,1.437341772
680.8571429,1.422151899
680.8928571,1.482911392
680.9285714,1.467721519
680.9642857,1.612025316
699,1.484810127
699.0357143,1.334810127
699.0714286,0.759493671
699.1071429,0.881012658
699.1428571,0.943670886
699.1785714,1.179113924
699.2142857,1.403164557
699.25,1.412658228
699.2857143,0.884810127
699.3214286,0.884810127
699.3571429,0.884810127
699.3928571,0.936075949
699.4285714,1.067088608
699.4642857,1.106962025
699.5,1.334810127
699.5357143,1.492405063
699.5714286,1.475316456
699.6071429,1.471518987
699.6428571,1.469620253
699.6785714,1.368987342
699.7142857,1.097468354
699.75,0.677848101
699.7857143,0.763291139
699.8214286,0.92278481
699.8571429,1.112658228
699.8928571,0.96835443
699.9285714,1.106962025
699.9642857,1.285443038
700,1.285443038
700.0357143,1.498101266
700.0714286,1.613924051
700.1071429,0.94556962
700.1428571,0.975949367
700.1785714,0.98164557
700.2142857,1.057594937
700.25,0.998734177
700.2857143,1.15443038
700.3214286,1.15443038
700.3571429,1.342405063
700.3928571,1.300632911
700.4285714,0.516455696
700.4642857,0.588607595
700.5,0.759493671
700.5357143,0.936075949
700.5714286,0.881012658
700.6071429,1.218987342
700.6428571,1.218987342
700.6785714,1.32721519
700.7142857,1.386075949
700.75,1.2
700.7857143,1.008227848
700.8214286,0.920886076
700.8571429,0.977848101
700.8928571,1.137341772
700.9285714,1.321518987
700.9642857,1.498101266
719,1.441139241
719.0357143,1.331012658
719.0714286,1.368987342
719.1071429,1.167721519
719.1428571,1.2
719.1785714,1.173417722
719.2142857,0.936075949
719.25,0.966455696
719.2857143,1.165822785
719.3214286,1.165822785
719.3571429,1.353797468
719.3928571,1.315822785
719.4285714,1.243670886
719.4642857,1.503797468
719.5,1.543670886
719.5357143,1.07278481
719.5714286,1.148734177
719.6071429,0.94556962
719.6428571,0.94556962
719.6785714,1.213291139
719.7142857,1.285443038
719.75,1.289240506
719.7857143,1.218987342
719.8214286,1.340506329
719.8571429,1.346202532
719.8928571,1.412658228
719.9285714,0.835443038
719.9642857,1.070886076
720,1.070886076
720.0357143,1.291139241
720.0714286,1.348101266
720.1071429,1.353797468
720.1428571,1.553164557
720.1785714,1.574050633
720.2142857,0.867721519
720.25,1.07278481
720.2857143,1.006329114
720.3214286,1.006329114
720.3571429,1.080379747
720.3928571,1.285443038
720.4285714,1.518987342
720.4642857,1.353797468
720.5,1.460126582
720.5357143,1.422151899
720.5714286,1.194303797
720.6071429,1.399367089
720.6428571,1.399367089
720.6785714,0.943670886
720.7142857,1.133544304
720.75,1.35
720.7857143,1.549367089
720.8214286,0.896202532
720.8571429,1.02721519
720.8928571,1.127848101
720.9285714,1.141139241
720.9642857,1.336708861
739,1.165822785
739.0357143,1.35
739.0714286,1.536075949
739.1071429,1.555063291
739.1428571,1.148734177
739.1785714,1.000632911
739.2142857,0.890506329
739.25,1.034810127
739.2857143,1.129746835
739.3214286,1.09556962
739.3571429,1.133544304
739.3928571,1.169620253
739.4285714,1.444936709
739.4642857,1.520886076
739.5,1.528481013
739.5357143,1.05
739.5714286,1.182911392
739.6071429,1.057594937
739.6428571,1.057594937
739.6785714,0.886708861
739.7142857,1.089873418
739.75,1.205696203
739.7857143,1.365189873
739.8214286,1.09556962
739.8571429,1.321518987
739.8928571,1.458227848
739.9285714,1.226582278
739.9642857,1.462025316
740,1.460126582
740.0357143,0.723417722
740.0714286,0.882911392
740.1071429,1.042405063
740.1428571,1.255063291
740.1785714,1.460126582
740.2142857,1.612025316
740.25,1.615822785
740.2857143,1.613924051
740.3214286,1.613924051
740.3571429,1.610126582
740.3928571,1.133544304
740.4285714,1.285443038
740.4642857,1.232278481
740.5,1.034810127
740.5357143,1.190506329
740.5714286,1.255063291
740.6071429,1.422151899
740.6428571,1.422151899
740.6785714,1.501898734
740.7142857,1.60443038
740.75,0.890506329
740.7857143,0.991139241
740.8214286,1.15443038
740.8571429,1.293037975
740.8928571,1.467721519
740.9285714,1.585443038
740.9642857,1.201898734
759,1.002531646
759.0357143,0.936075949
759.0714286,0.888607595
759.1071429,1.008227848
759.1428571,1.224683544
759.1785714,1.152531646
759.2142857,1.084177215
759.25,1.270253165
759.2857143,0.896202532
759.3214286,0.896202532
759.3571429,0.991139241
759.3928571,1.150632911
759.4285714,1.391772152
759.4642857,1.482911392
759.5,1.608227848
759.5357143,0.753797468
759.5714286,0.884810127
759.6071429,0.844936709
759.6428571,0.844936709
759.6785714,0.996835443
759.7142857,1.173417722
759.75,1.332911392
759.7857143,1.167721519
759.8214286,1.274050633
759.8571429,1.076582278
759.8928571,1.256962025
759.9285714,0.936075949
759.9642857,1.078481013
760,1.076582278
760.0357143,1.186708861
760.0714286,1.35
760.1071429,1.05
760.1428571,1.002531646
760.1785714,1.2
760.2142857,1.370886076
760.25,1.608227848
760.2857143,1.247468354
760.3214286,1.247468354
760.3571429,0.882911392
760.3928571,1.05
760.4285714,1.063291139
760.4642857,1.2
760.5,1.163924051
760.5357143,1.198101266
760.5714286,1.194303797
760.6071429,0.98164557
760.6428571,0.979746835
760.6785714,1.224683544
760.7142857,1.171518987
760.75,1.367088608
760.7857143,1.300632911
760.8214286,1.224683544
760.8571429,1.057594937
760.8928571,1.09556962
760.9285714,0.867721519
760.9642857,0.991139241
779,1.213291139
779.0357143,1.179113924
779.0714286,1.376582278
779.1071429,0.761392405
779.1428571,0.875316456
779.1785714,0.890506329
779.2142857,0.913291139
779.25,1.017721519
779.2857143,1.150632911
779.3214286,1.150632911
779.3571429,1.30443038
779.3928571,1.152531646
779.4285714,1.239873418
779.4642857,1.425949367
779.5,1.057594937
779.5357143,1.234177215
779.5714286,0.670253165
779.6071429,0.712025316
779.6428571,0.712025316
779.6785714,0.884810127
779.7142857,1.061392405
779.75,1.262658228
779.7857143,1.361392405
779.8214286,1.080379747
779.8571429,0.879113924
779.8928571,1.110759494
779.9285714,1.002531646
779.9642857,1.171518987
780,1.171518987
780.0357143,1.07278481
780.0714286,0.937974684
780.1071429,1.057594937
780.1428571,1.209493671
780.1785714,1.196202532
780.2142857,1.184810127
780.25,0.974050633
780.2857143,1.213291139
780.3214286,1.213291139
780.3571429,1.061392405
780.3928571,1.133544304
780.4285714,1.106962025
780.4642857,1.321518987
780.5,1.518987342
780.5357143,0.884810127
780.5714286,0.894303797
780.6071429,1.103164557
780.6428571,1.103164557
780.6785714,1.279746835
780.7142857,0.867721519
780.75,0.715822785
780.7857143,0.896202532
780.8214286,1.080379747
780.8571429,1.124050633
780.8928571,1.291139241
780.9285714,1.496202532
780.9642857,1.378481013
799,1.612025316
799.0357143,1.572151899
799.0714286,1.012025316
799.1071429,0.844936709
799.1428571,0.936075949
799.1785714,1.046202532
799.2142857,0.896202532
799.25,1.031012658
799.2857143,1.11835443
799.3214286,1.106962025
799.3571429,1.133544304
799.3928571,1.274050633
799.4285714,0.936075949
799.4642857,0.94556962
799.5,1.061392405
799.5357143,1.032911392
799.5714286,1.129746835
799.6071429,1.220886076
799.6428571,1.220886076
799.6785714,1.331012658
799.7142857,1.061392405
799.75,1.07278481
799.7857143,0.799367089
799.8214286,0.620886076
799.8571429,0.767088608
799.8928571,0.884810127
799.9285714,1.032911392
799.9642857,1.163924051
800,1.163924051
800.0357143,0.920886076
800.0714286,1.042405063
800.1071429,1.275949367
800.1428571,1.562658228
800.1785714,1.239873418
800.2142857,1.308227848
800.25,1.000632911
800.2857143,1.087974684
800.3214286,1.087974684
800.3571429,1.143037975
800.3928571,1.234177215
800.4285714,1.217088608
800.4642857,1.363291139
800.5,1.452531646
800.5357143,1.110759494
800.5714286,1.289240506
800.6071429,0.985443038
800.6428571,0.985443038
800.6785714,1.194303797
800.7142857,0.98164557
800.75,1.065189873
800.7857143,1.264556962
800.8214286,1.086075949
800.8571429,1.021518987
800.8928571,0.985443038
800.9285714,0.881012658
800.9642857,1.068987342
819,0.784177215
819.0357143,0.884810127
819.0714286,0.974050633
819.1071429,1.124050633
819.1428571,1.171518987
819.1785714,1.188607595
819.2142857,0.974050633
819.25,1.28164557
819.2857143,1.029113924
819.3214286,1.029113924
819.3571429,1.051898734
819.3928571,1.144936709
819.4285714,1.162025316
819.4642857,0.996835443
819.5,0.844936709
819.5357143,1.078481013
819.5714286,0.814556962
819.6071429,0.98164557
819.6428571,0.98164557
819.6785714,1.196202532
819.7142857,1.365189873
819.75,1.458227848
819.7857143,1.579746835
819.8214286,1.391772152
819.8571429,1.30443038
819.8928571,1.300632911
819.9285714,0.757594937
819.9642857,0.848734177
820,0.848734177
820.0357143,0.966455696
820.0714286,1.036708861
820.1071429,1.201898734
820.1428571,1.296835443
820.1785714,1.169620253
820.2142857,1.129746835
820.25,1.181012658
820.2857143,1.351898734
820.3214286,1.35
820.3571429,1.329113924
820.3928571,0.618987342
820.4285714,0.683544304
820.4642857,0.85443038
820.5,0.843037975
820.5357143,1.034810127
820.5714286,1.141139241
820.6071429,1.285443038
820.6428571,1.285443038
820.6785714,1.361392405
820.7142857,1.209493671
820.75,1.080379747
820.7857143,0.996835443
820.8214286,1.11835443
820.8571429,1.232278481
820.8928571,1.285443038
820.9285714,1.103164557
820.9642857,0.989240506
839,1.283544304
839.0357143,1.275949367
839.0714286,1.291139241
839.1071429,1.031012658
839.1428571,1.065189873
839.1785714,0.541139241
839.2142857,0.712025316
839.25,0.677848101
839.2857143,0.829746835
839.3214286,0.829746835
839.3571429,1.02721519
839.3928571,1.169620253
839.4285714,1.188607595
839.4642857,1.2
839.5,1.247468354
839.5357143,1.467721519
839.5714286,1.612025316
839.6071429,0.708227848
839.6428571,0.708227848
839.6785714,0.768987342
839.7142857,0.951265823
839.75,0.884810127
839.7857143,1.057594937
839.8214286,1.163924051
839.8571429,1.243670886
839.8928571,1.368987342
839.9285714,1.285443038
839.9642857,1.044303797
840,1.044303797
840.0357143,1.163924051
840.0714286,1.37278481
840.1071429,1.598734177
840.1428571,1.467721519
840.1785714,1.080379747
840.2142857,1.133544304
840.25,0.991139241
840.2857143,1.163924051
840.3214286,1.163924051
840.3571429,1.294936709
840.3928571,1.473417722
840.4285714,0.956962025
840.4642857,1.042405063
840.5,0.975949367
840.5357143,1.012025316
840.5714286,1.053797468
840.6071429,0.994936709
840.6428571,0.994936709
840.6785714,1.133544304
840.7142857,1.334810127
840.75,1.462025316
840.7857143,1.167721519
840.8214286,1.412658228
840.8571429,1.103164557
840.8928571,1.293037975
840.9285714,1.32721519
840.9642857,1.52278481
859,1.484810127
859.0357143,1.019620253
859.0714286,0.966455696
859.1071429,0.920886076
859.1428571,0.687341772
859.1785714,0.780379747
859.2142857,0.723417722
859.25,0.9
859.2857143,1.012025316
859.3214286,1.012025316
859.3571429,1.019620253
859.3928571,1.234177215
859.4285714,1.344303797
859.4642857,0.890506329
859.5,1.00443038
859.5357143,1.07278481
859.5714286,1.169620253
859.6071429,1.108860759
859.6428571,1.108860759
859.6785714,1.198101266
859.7142857,1.353797468
859.75,0.881012658
859.7857143,0.962658228
859.8214286,1.156329114
859.8571429,1.367088608
859.8928571,1.486708861
859.9285714,1.361392405
859.9642857,1.376582278
860,1.376582278
860.0357143,0.829746835
860.0714286,1.00443038
860.1071429,1.012025316
860.1428571,1.133544304
860.1785714,0.841139241
860.2142857,0.937974684
860.25,0.907594937
860.2857143,0.939873418
860.3214286,0.939873418
860.3571429,1.15443038
860.3928571,1.35
860.4285714,1.036708861
860.4642857,1.194303797
860.5,1.00443038
860.5357143,1.163924051
860.5714286,1.310126582
860.6071429,1.057594937
860.6428571,1.055696203
860.6785714,1.184810127
860.7142857,1.399367089
860.75,1.167721519
860.7857143,1.012025316
860.8214286,1.251265823
860.8571429,1.458227848
860.8928571,1.534177215
860.9285714,1.490506329
860.9642857,1.615822785
879,0.905696203
879.0357143,1.078481013
879.0714286,1.215189873
879.1071429,1.380379747
879.1428571,0.871518987
879.1785714,1.070886076
879.2142857,1.031012658
879.25,1.179113924
879.2857143,1.367088608
879.3214286,1.367088608
879.3571429,1.063291139
879.3928571,1.082278481
879.4285714,1.103164557
879.4642857,1.258860759
879.5,1.391772152
879.5357143,1.02721519
879.5714286,1.103164557
879.6071429,1.331012658
879.6428571,1.331012658
879.6785714,1.291139241
879.7142857,1.437341772
879.75,1.486708861
879.7857143,1.082278481
879.8214286,1.224683544
879.8571429,0.905696203
879.8928571,0.998734177
879.9285714,1.013924051
879.9642857,1.012025316
880,1.012025316
880.0357143,1.019620253
880.0714286,1.260759494
880.1071429,0.64556962
880.1428571,0.708227848
880.1785714,0.875316456
880.2142857,1.017721519
880.25,0.979746835
880.2857143,0.898101266
880.3214286,0.9
880.3571429,0.917088608
880.3928571,1.070886076
880.4285714,1.125949367
880.4642857,1.201898734
880.5,1.270253165
880.5357143,1.437341772
880.5714286,1.247468354
880.6071429,0.829746835
880.6428571,0.829746835
880.6785714,0.844936709
880.7142857,0.799367089
880.75,0.943670886
880.7857143,1.15443038
880.8214286,1.224683544
880.8571429,1.103164557
880.8928571,1.07278481
880.9285714,1.300632911
880.9642857,1.300632911
899,0.884810127
899.0357143,0.901898734
899.0714286,0.784177215
899.1071429,0.784177215
899.1428571,0.708227848
899.1785714,0.837341772
899.2142857,0.698734177
899.25,0.784177215
899.2857143,0.920886076
899.3214286,0.920886076
899.3571429,1.082278481
899.3928571,1.184810127
899.4285714,1.287341772
899.4642857,0.951265823
899.5,1.012025316
899.5357143,1.110759494
899.5714286,0.770886076
899.6071429,0.905696203
899.6428571,0.905696203
899.6785714,1.103164557
899.7142857,1.103164557
899.75,1.275949367
899.7857143,1.376582278
899.8214286,1.346202532
899.8571429,0.996835443
899.8928571,1.122151899
899.9285714,1.103164557
899.9642857,1.179113924
900,1.17721519
900.0357143,1.127848101
900.0714286,1.012025316
900.1071429,0.896202532
900.1428571,1.057594937
900.1785714,1.308227848
900.2142857,1.539873418
900.25,0.867721519
900.2857143,0.985443038
900.3214286,0.985443038
900.3571429,1.127848101
900.3928571,0.744303797
900.4285714,0.858227848
900.4642857,0.98164557
900.5,1.09556962
900.5357143,1.285443038
900.5714286,1.406962025
900.6071429,0.951265823
900.6428571,0.951265823
900.6785714,1.181012658
900.7142857,1.057594937
900.75,0.9
900.7857143,0.848734177
900.8214286,0.860126582
900.8571429,0.941772152
900.8928571,0.987341772
900.9285714,1.150632911
900.9642857,1.243670886
919,1.331012658
919.0357143,1.406962025
919.0714286,1.209493671
919.1071429,0.966455696
919.1428571,1.013924051
919.1785714,0.943670886
919.2142857,1.160126582
919.25,1.325316456
919.2857143,1.391772152
919.3214286,1.391772152
919.3571429,1.467721519
919.3928571,1.103164557
919.4285714,0.951265823
919.4642857,1.063291139
919.5,1.152531646
919.5357143,0.924683544
919.5714286,0.911392405
919.6071429,1.034810127
919.6428571,1.034810127
919.6785714,1.120253165
919.7142857,1.353797468
919.75,1.382278481
919.7857143,1.387974684
919.8214286,1.467721519
919.8571429,1.543670886
919.8928571,1.323417722
919.9285714,1.37278481
919.9642857,1.494303797
920,1.494303797
920.0357143,1.247468354
920.0714286,0.569620253
920.1071429,0.677848101
920.1428571,0.770886076
920.1785714,0.890506329
920.2142857,0.991139241
920.25,1.120253165
920.2857143,0.738607595
920.3214286,0.740506329
920.3571429,0.875316456
920.3928571,0.960759494
920.4285714,1.179113924
920.4642857,1.340506329
920.5,0.917088608
920.5357143,0.765189873
920.5714286,0.890506329
920.6071429,1.021518987
920.6428571,1.021518987
920.6785714,1.078481013
920.7142857,1.300632911
920.75,1.323417722
920.7857143,1.038607595
920.8214286,1.05
920.8571429,1.209493671
920.8928571,1.274050633
920.9285714,1.399367089
920.9642857,0.937974684
939,1.270253165
939.0357143,1.163924051
939.0714286,1.162025316
939.1071429,1.061392405
939.1428571,1.089873418
939.1785714,0.966455696
939.2142857,1.108860759
939.25,1.110759494
939.2857143,1.087974684
939.3214286,1.086075949
939.3571429,1.156329114
939.3928571,1.382278481
939.4285714,1.58164557
939.4642857,1.610126582
939.5,1.105063291
939.5357143,0.814556962
939.5714286,0.575316456
939.6071429,0.592405063
939.6428571,0.592405063
939.6785714,0.677848101
939.7142857,0.789873418
939.75,0.928481013
939.7857143,1.021518987
939.8214286,1.163924051
939.8571429,1.334810127
939.8928571,1.518987342
939.9285714,1.247468354
939.9642857,0.920886076
940,0.920886076
940.0357143,0.505063291
940.0714286,0.571518987
940.1071429,0.641772152
940.1428571,0.731012658
940.1785714,0.723417722
940.2142857,0.77278481
940.25,0.905696203
940.2857143,1.067088608
940.3214286,1.067088608
940.3571429,1.232278481
940.3928571,1.332911392
940.4285714,1.156329114
940.4642857,1.103164557
940.5,1.285443038
940.5357143,1.021518987
940.5714286,1.137341772
940.6071429,1.032911392
940.6428571,1.031012658
940.6785714,1.234177215
940.7142857,1.247468354
940.75,1.391772152
940.7857143,0.905696203
940.8214286,0.844936709
940.8571429,0.774683544
940.8928571,0.905696203
940.9285714,1.067088608
940.9642857,1.163924051
959,1.148734177
959.0357143,0.767088608
959.0714286,0.867721519
959.1071429,1.012025316
959.1428571,1.010126582
959.1785714,0.960759494
959.2142857,1.135443038
959.25,0.656962025
959.2857143,0.806962025
959.3214286,0.937974684
959.3571429,1.110759494
959.3928571,1.230379747
959.4285714,1.277848101
959.4642857,1.410759494
959.5,1.410759494
959.5357143,1.574050633
959.5714286,0.890506329
959.6071429,0.844936709
959.6428571,0.896202532
959.6785714,0.890506329
959.7142857,1.139240506
959.75,1.287341772
959.7857143,1.425949367
959.8214286,1.425949367
959.8571429,1.543670886
959.8928571,1.593037975
959.9285714,0.905696203
959.9642857,0.928481013
960,0.683544304
960.0357143,0.808860759
960.0714286,0.955063291
960.1071429,1.125949367
960.1428571,1.125949367
960.1785714,1.194303797
960.2142857,1.424050633
960.25,1.361392405
960.2857143,1.467721519
960.3214286,1.082278481
960.3571429,0.955063291
960.3928571,1.091772152
960.4285714,1.091772152
960.4642857,1.019620253
960.5,1.019620253
960.5357143,1.194303797
960.5714286,1.133544304
960.6071429,1.152531646
960.6428571,1.302531646
960.6785714,0.723417722
960.7142857,0.890506329
960.75,0.985443038
960.7857143,1.008227848
960.8214286,1.006329114
960.8571429,1.106962025
960.8928571,1.323417722
960.9285714,0.987341772
960.9642857,0.98164557
979,0.848734177
979.0357143,0.875316456
979.0714286,0.958860759
979.1071429,0.903797468
979.1428571,0.901898734
979.1785714,0.913291139
979.2142857,1.091772152
979.25,1.002531646
979.2857143,1.201898734
979.3214286,1.012025316
979.3571429,0.955063291
979.3928571,0.894303797
979.4285714,0.909493671
979.4642857,0.717721519
979.5,0.717721519
979.5357143,0.894303797
979.5714286,1.012025316
979.6071429,0.890506329
979.6428571,1.021518987
979.6785714,1.034810127
979.7142857,1.173417722
979.75,1.042405063
979.7857143,0.930379747
979.8214286,0.930379747
979.8571429,0.924683544
979.8928571,1.042405063
979.9285714,0.801265823
979.9642857,0.894303797
980,0.860126582
980.0357143,0.87721519
980.0714286,0.860126582
980.1071429,0.905696203
980.1428571,0.905696203
980.1785714,1.114556962
980.2142857,1.133544304
980.25,1.234177215
980.2857143,1.103164557
980.3214286,1.158227848
980.3571429,1.386075949
980.3928571,0.936075949
980.4285714,1.127848101
980.4642857,0.970253165
980.5,0.96835443
980.5357143,1.057594937
980.5714286,1.325316456
980.6071429,1.422151899
980.6428571,1.437341772
980.6785714,0.956962025
980.7142857,1.122151899
980.75,1.300632911
980.7857143,1.501898734
980.8214286,1.501898734
980.8571429,0.911392405
980.8928571,1.017721519
980.9285714,1.163924051
980.9642857,1.232278481
999,1.146835443
999.0357143,1.277848101
999.0714286,1.460126582
999.1071429,1.530379747
999.1428571,1.530379747
999.1785714,0.867721519
999.2142857,0.655063291
999.25,0.77278481
999.2857143,0.936075949
999.3214286,0.803164557
999.3571429,0.951265823
999.3928571,1.09556962
999.4285714,1.28164557
999.4642857,1.209493671
999.5,1.211392405
999.5357143,1.194303797
999.5714286,1.334810127
999.6071429,1.484810127
999.6428571,1.471518987
999.6785714,0.776582278
999.7142857,0.575316456
999.75,0.611392405
999.7857143,0.696835443
999.8214286,0.693037975
999.8571429,0.774683544
999.8928571,0.943670886
999.9285714,1.101265823
999.9642857,1.182911392
1000,1.262658228
1000.035714,1.427848101
1000.071429,1.171518987
1000.107143,1.103164557
1000.142857,1.103164557
1000.178571,0.768987342
1000.214286,0.882911392
1000.25,1.057594937
1000.285714,0.894303797
1000.321429,0.905696203
1000.357143,0.909493671
1000.392857,1.000632911
1000.428571,1.101265823
1000.464286,1.11835443
1000.5,1.11835443
1000.535714,1.275949367
1000.571429,1.452531646
1000.607143,1.308227848
1000.642857,1.558860759
1000.678571,1.006329114
1000.714286,0.799367089
1000.75,0.710126582
1000.785714,0.822151899
1000.821429,0.822151899
1000.857143,0.924683544
1000.892857,0.915189873
1000.928571,0.98164557
1000.964286,0.920886076
1019,1.125949367
1019.035714,1.234177215
1019.071429,1.376582278
1019.107143,1.108860759
1019.142857,1.108860759
1019.178571,1.031012658
1019.214286,1.042405063
1019.25,1.124050633
1019.285714,1.042405063
1019.321429,1.224683544
1019.357143,1.384177215
1019.392857,1.274050633
1019.428571,1.124050633
1019.464286,1.194303797
1019.5,1.194303797
1019.535714,0.803164557
1019.571429,0.784177215
1019.607143,0.875316456
1019.642857,0.951265823
1019.678571,0.972151899
1019.714286,0.974050633
1019.75,1.110759494
1019.785714,1.179113924
1019.821429,1.179113924
1019.857143,1.255063291
1019.892857,1.410759494
1019.928571,1.566455696
1019.964286,1.589240506
1020,1.600632911
1020.035714,1.501898734
1020.071429,0.907594937
1020.107143,1.103164557
1020.142857,1.103164557
1020.178571,1.15443038
1020.214286,1.211392405
1020.25,1.300632911
1020.285714,1.363291139
1020.321429,1.471518987
1020.357143,1.503797468
1020.392857,1.416455696
1020.428571,1.435443038
1020.464286,1.002531646
1020.5,1.002531646
1020.535714,1.124050633
1020.571429,0.890506329
1020.607143,0.928481013
1020.642857,1.114556962
1020.678571,1.319620253
1020.714286,1.536075949
1020.75,1.524683544
1020.785714,1.260759494
1020.821429,1.260759494
1020.857143,1.141139241
1020.892857,1.270253165
1020.928571,1.218987342
1020.964286,0.806962025
1039,1.509493671
1039.035714,1.481012658
1039.071429,1.127848101
1039.107143,1.15443038
1039.142857,1.15443038
1039.178571,1.319620253
1039.214286,1.467721519
1039.25,1.574050633
1039.285714,1.610126582
1039.321429,1.507594937
1039.357143,1.511392405
1039.392857,1.543670886
1039.428571,1.319620253
1039.464286,1.070886076
1039.5,1.070886076
1039.535714,1.163924051
1039.571429,1.277848101
1039.607143,1.365189873
1039.642857,1.336708861
1039.678571,1.427848101
1039.714286,1.467721519
1039.75,1.505696203
1039.785714,1.437341772
1039.821429,1.437341772
1039.857143,1.374683544
1039.892857,1.534177215
1039.928571,1.406962025
1039.964286,1.467721519
1040,1.11835443
1040.035714,1.148734177
1040.071429,1.217088608
1040.107143,1.427848101
1040.142857,1.427848101
1040.178571,1.370886076
1040.214286,1.482911392
1040.25,1.492405063
1040.285714,1.520886076
1040.321429,1.368987342
1040.357143,1.452531646
1040.392857,1.505696203
1040.428571,1.429746835
1040.464286,1.558860759
1040.5,1.558860759
1040.535714,1.07278481
1040.571429,1.078481013
1040.607143,1.270253165
1040.642857,1.460126582
1040.678571,1.323417722
1040.714286,1.120253165
1040.75,1.443037975
1040.785714,1.486708861
1040.821429,1.486708861
1040.857143,1.507594937
1040.892857,1.574050633
1040.928571,1.47721519
1040.964286,1.486708861
1059,1.501898734
1059.035714,1.528481013
1059.071429,1.456329114
1059.107143,1.537974684
1059.142857,1.537974684
1059.178571,1.612025316
1059.214286,1.610126582
1059.25,1.58164557
1059.285714,1.313924051
1059.321429,1.437341772
1059.357143,1.507594937
1059.392857,1.473417722
1059.428571,1.575949367
1059.464286,1.574050633
1059.5,1.574050633
1059.535714,1.594936709
1059.571429,1.47721519
1059.607143,1.509493671
1059.642857,1.458227848
1059.678571,1.182911392
1059.714286,1.410759494
1059.75,1.443037975
1059.785714,1.543670886
1059.821429,1.541772152
1059.857143,1.566455696
1059.892857,1.608227848
1059.928571,1.610126582
1059.964286,1.612025316
1060,1.401265823
1060.035714,1.391772152
1060.071429,1.340506329
1060.107143,1.410759494
1060.142857,1.410759494
1060.178571,1.437341772
1060.214286,1.570253165
1060.25,1.380379747
1060.285714,1.481012658
1060.321429,1.610126582
1060.357143,1.610126582
1060.392857,1.583544304
1060.428571,1.60443038
1060.464286,1.549367089
1060.5,1.549367089
1060.535714,1.560759494
1060.571429,1.608227848
1060.607143,1.513291139
1060.642857,1.291139241
1060.678571,1.433544304
1060.714286,1.551265823
1060.75,1.583544304
1060.785714,1.566455696
1060.821429,1.566455696
1060.857143,1.537974684
1060.892857,1.610126582
1060.928571,1.613924051
1060.964286,1.610126582
1079,1.613924051
1079.035714,1.593037975
1079.071429,1.608227848
1079.107143,1.507594937
1079.142857,1.507594937
1079.178571,1.520886076
1079.214286,1.577848101
1079.25,1.577848101
1079.285714,1.612025316
1079.321429,1.612025316
1079.357143,1.610126582
1079.392857,1.484810127
1079.428571,1.549367089
1079.464286,1.612025316
1079.5,1.612025316
1079.535714,1.507594937
1079.571429,1.566455696
1079.607143,1.610126582
1079.642857,1.610126582
1079.678571,1.606329114
1079.714286,1.612025316
1079.75,1.610126582
1079.785714,1.610126582
1079.821429,1.610126582
1079.857143,1.566455696
1079.892857,1.501898734
1079.928571,1.536075949
1079.964286,1.513291139
1080,1.589240506
1080.035714,1.608227848
1080.071429,1.612025316
1080.107143,1.574050633
1080.142857,1.574050633
1080.178571,1.610126582
1080.214286,1.494303797
1080.25,1.610126582
1080.285714,1.613924051
1080.321429,1.543670886
1080.357143,1.608227848
1080.392857,1.608227848
1080.428571,1.376582278
1080.464286,1.558860759
1080.5,1.558860759
1080.535714,1.452531646
1080.571429,1.562658228
1080.607143,1.501898734
1080.642857,1.467721519
1080.678571,1.494303797
1080.714286,1.608227848
1080.75,1.612025316
1080.785714,1.612025316
1080.821429,1.612025316
1080.857143,1.596835443
1080.892857,1.458227848
1080.928571,1.558860759
1080.964286,1.608227848
1099,1.612025316
1099.035714,1.528481013
1099.071429,1.543670886
1099.107143,1.591139241
1099.142857,1.591139241
1099.178571,1.613924051
1099.214286,1.536075949
1099.25,1.553164557
1099.285714,1.60443038
1099.321429,1.613924051
1099.357143,1.520886076
1099.392857,1.612025316
1099.428571,1.612025316
1099.464286,1.612025316
1099.5,1.612025316
1099.535714,1.612025316
1099.571429,1.610126582
1099.607143,1.589240506
1099.642857,1.613924051
1099.678571,1.613924051
1099.714286,1.492405063
1099.75,1.462025316
1099.785714,1.579746835
1099.821429,1.579746835
1099.857143,1.60443038
1099.892857,1.60443038
1099.928571,1.612025316
1099.964286,1.612025316
1100,1.513291139
1100.035714,1.60443038
1100.071429,1.509493671
1100.107143,1.612025316
1100.142857,1.612025316
1100.178571,1.435443038
1100.214286,1.486708861
1100.25,1.612025316
1100.285714,1.610126582
1100.321429,1.610126582
1100.357143,1.600632911
1100.392857,1.610126582
1100.428571,1.513291139
1100.464286,1.47721519
1100.5,1.47721519
1100.535714,1.589240506
1100.571429,1.427848101
1100.607143,1.452531646
1100.642857,1.517088608
1100.678571,1.610126582
1100.714286,1.589240506
1100.75,1.612025316
1100.785714,1.612025316
1100.821429,1.612025316
1100.857143,1.481012658
1100.892857,1.610126582
1100.928571,1.556962025
1100.964286,1.610126582
1119,1.613924051
1119.035714,1.613924051
1119.071429,1.610126582
1119.107143,1.612025316
1119.142857,1.612025316
1119.178571,1.610126582
1119.214286,1.615822785
1119.25,1.613924051
1119.285714,1.612025316
1119.321429,1.613924051
1119.357143,1.612025316
1119.392857,1.613924051
1119.428571,1.613924051
1119.464286,1.612025316
1119.5,1.612025316
1119.535714,1.612025316
1119.571429,1.613924051
1119.607143,1.613924051
1119.642857,1.612025316
1119.678571,1.613924051
1119.714286,1.612025316
1119.75,1.610126582
1119.785714,1.608227848
1119.821429,1.608227848
1119.857143,1.613924051
1119.892857,1.615822785
1119.928571,1.594936709
1119.964286,1.610126582
1120,1.613924051
1120.035714,1.612025316
1120.071429,1.613924051
1120.107143,1.613924051
1120.142857,1.613924051
1120.178571,1.615822785
1120.214286,1.612025316
1120.25,1.536075949
1120.285714,1.613924051
1120.321429,1.416455696
1120.357143,1.610126582
1120.392857,1.612025316
1120.428571,1.613924051
1120.464286,1.612025316
1120.5,1.612025316
1120.535714,1.612025316
1120.571429,1.539873418
1120.607143,1.610126582
1120.642857,1.613924051
1120.678571,1.615822785
1120.714286,1.612025316
1120.75,1.612025316
1120.785714,1.612025316
1120.821429,1.612025316
1120.857143,1.612025316
1120.892857,1.612025316
1120.928571,1.613924051
1120.964286,1.612025316
1139,1.613924051
1139.035714,1.612025316
1139.071429,1.613924051
1139.107143,1.613924051
1139.142857,1.612025316
1139.178571,1.612025316
1139.214286,1.612025316
1139.25,1.610126582
1139.285714,1.612025316
1139.321429,1.612025316
1139.357143,1.612025316
1139.392857,1.612025316
1139.428571,1.610126582
1139.464286,1.612025316
1139.5,1.612025316
1139.535714,1.610126582
1139.571429,1.574050633
1139.607143,1.610126582
1139.642857,1.610126582
1139.678571,1.610126582
1139.714286,1.612025316
1139.75,1.612025316
1139.785714,1.612025316
1139.821429,1.612025316
1139.857143,1.613924051
1139.892857,1.612025316
1139.928571,1.615822785
1139.964286,1.612025316
1140,1.613924051
1140.035714,1.612025316
1140.071429,1.585443038
1140.107143,1.612025316
1140.142857,1.612025316
1140.178571,1.613924051
1140.214286,1.615822785
1140.25,1.613924051
1140.285714,1.613924051
1140.321429,1.613924051
1140.357143,1.615822785
1140.392857,1.615822785
1140.428571,1.577848101
1140.464286,1.615822785
1140.5,1.615822785
1140.535714,1.613924051
1140.571429,1.612025316
1140.607143,1.612025316
1140.642857,1.610126582
1140.678571,1.613924051
1140.714286,1.613924051
1140.75,1.612025316
1140.785714,1.613924051
1140.821429,1.613924051
1140.857143,1.612025316
1140.892857,1.610126582
1140.928571,1.612025316
1140.964286,1.613924051
1159,1.612025316
1159.035714,1.532278481
1159.071429,1.598734177
1159.107143,1.60443038
1159.142857,1.60443038
1159.178571,1.610126582
1159.214286,1.608227848
1159.25,1.610126582
1159.285714,1.613924051
1159.321429,1.610126582
1159.357143,1.610126582
1159.392857,1.583544304
1159.428571,1.613924051
1159.464286,1.60443038
1159.5,1.60443038
1159.535714,1.612025316
1159.571429,1.608227848
1159.607143,1.507594937
1159.642857,1.594936709
1159.678571,1.612025316
1159.714286,1.56835443
1159.75,1.612025316
1159.785714,1.613924051
1159.821429,1.613924051
1159.857143,1.613924051
1159.892857,1.612025316
1159.928571,1.612025316
1159.964286,1.593037975
1160,1.612025316
1160.035714,1.610126582
1160.071429,1.613924051
1160.107143,1.615822785
1160.142857,1.615822785
1160.178571,1.612025316
1160.214286,1.613924051
1160.25,1.613924051
1160.285714,1.612025316
1160.321429,1.610126582
1160.357143,1.613924051
1160.392857,1.612025316
1160.428571,1.612025316
1160.464286,1.610126582
1160.5,1.610126582
1160.535714,1.585443038
1160.571429,1.612025316
1160.607143,1.425949367
1160.642857,1.608227848
1160.678571,1.608227848
1160.714286,1.612025316
1160.75,1.613924051
1160.785714,1.612025316
1160.821429,1.612025316
1160.857143,1.612025316
1160.892857,1.594936709
1160.928571,1.610126582
1160.964286,1.613924051
1179,1.613924051
1179.035714,1.613924051
1179.071429,1.615822785
1179.107143,1.612025316
1179.142857,1.612025316
1179.178571,1.612025316
1179.214286,1.608227848
1179.25,1.612025316
1179.285714,1.613924051
1179.321429,1.610126582
1179.357143,1.612025316
1179.392857,1.610126582
1179.428571,1.613924051
1179.464286,1.612025316
1179.5,1.612025316
1179.535714,1.579746835
1179.571429,1.602531646
1179.607143,1.600632911
1179.642857,1.467721519
1179.678571,1.608227848
1179.714286,1.60443038
1179.75,1.509493671
1179.785714,1.610126582
1179.821429,1.610126582
1179.857143,1.612025316
1179.892857,1.606329114
1179.928571,1.612025316
1179.964286,1.612025316
1180,1.520886076
1180.035714,1.543670886
1180.071429,1.589240506
1180.107143,1.612025316
1180.142857,1.612025316
1180.178571,1.613924051
1180.214286,1.608227848
1180.25,1.613924051
1180.285714,1.613924051
1180.321429,1.610126582
1180.357143,1.610126582
1180.392857,1.612025316
1180.428571,1.610126582
1180.464286,1.612025316
1180.5,1.612025316
1180.535714,1.610126582
1180.571429,1.60443038
1180.607143,1.610126582
1180.642857,1.58164557
1180.678571,1.467721519
1180.714286,1.613924051
1180.75,1.608227848
1180.785714,1.612025316
1180.821429,1.612025316
1180.857143,1.60443038
1180.892857,1.610126582
1180.928571,1.613924051
1180.964286,1.610126582
